Year,Afghanistan,Albania,Algeria,Angola,Antigua and Barbuda,Argentina,Armenia,Australia,Austria,Azerbaijan,Bahamas,Bangladesh,Belarus,Belgium,Belize,Benin,Bhutan,Bolivia,Bosnia and Herzegovina,Botswana,Brazil,Brunei,Bulgaria,Burkina Faso,Burundi,Cambodia,Cameroon,Canada,Central African Republic,Chad,Chile,China,Colombia,"Congo, Dem. Rep.","Congo, Rep.",Costa Rica,Croatia,Cuba,Cyprus,Czech Republic,Denmark,Djibouti,Dominican Republic,Ecuador,Egypt,El Salvador,Equatorial Guinea,Eritrea,Estonia,Ethiopia,Fiji,Finland,France,Gabon,Gambia,Georgia,Germany,Ghana,Greece,Guatemala,Guinea,Guinea-Bissau,Guyana,Haiti,Honduras,Hungary,Iceland,India,Indonesia,Iran,Iraq,Ireland,Israel,Italy,Jamaica,Japan,Jordan,Kazakhstan,Kenya,Kuwait,Kyrgyz Republic,Lao,Latvia,Lebanon,Lesotho,Liberia,Libya,Lithuania,Luxembourg,"Macedonia, FYR",Madagascar,Malawi,Malaysia,Mali,Mauritania,Mexico,Moldova,Mongolia,Montenegro,Morocco,Mozambique,Myanmar,Namibia,Nepal,Netherlands,New Zealand,Nicaragua,Niger,Nigeria,North Korea,Norway,Oman,Pakistan,Palestine,Panama,Papua New Guinea,Paraguay,Peru,Philippines,Poland,Portugal,Qatar,Romania,Russia,Rwanda,Saudi Arabia,Senegal,Serbia,Sierra Leone,Singapore,Slovak Republic,Slovenia,Somalia,South Africa,South Korea,South Sudan,Spain,Sri Lanka,Sudan,Suriname,Swaziland,Sweden,Switzerland,Syria,Tajikistan,Tanzania,Thailand,Timor-Leste,Togo,Trinidad and Tobago,Tunisia,Turkey,Turkmenistan,Uganda,Ukraine,United Arab Emirates,United Kingdom,United States,Uruguay,Uzbekistan,Vanuatu,Venezuela,Vietnam,Yemen,Zambia,Zimbabwe
1950,7.57,5.87,7.49,7.11,4.45,3.16,4.53,3.07,1.87,5.26,3.98,6.23,2.52,2.31,6.69,5.75,6.67,6.72,5.23,6.47,6.18,7.52,2.66,6.03,6.82,6.95,5.54,3.45,5.4,6.06,4.82,5.29,6.77,5.99,5.67,6.15,2.95,4.76,3.85,2.89,2.58,6.3,7.51,6.7,6.65,6.19,5.58,6.92,2.09,7.35,6.3,3.16,2.83,5.15,5.23,3.1,2.08,6.37,2.36,7.2,5.98,7.09,5.48,6.31,7.47,2.78,3.62,5.9,5.35,6.92,8.11,3.48,4.52,2.45,3.8,3.48,7.56,4.3,7.36,7.22,4.23,5.94,2.01,5.76,5.81,6.25,7.16,2.78,1.87,4.73,7.3,6.81,6.27,6.65,6.12,6.66,3.48,5.5,4.32,6.49,6.77,6.03,5.96,5.98,3.1,3.47,6.88,7.04,6.36,1.95,2.52,7.25,6.6,7.56,5.68,6.23,6.49,6.9,6.76,3.6,3.1,6.97,3.58,2.88,7.92,7.2,6.6,3.59,5.89,6.49,3.59,2.8,7.25,6.35,4.46,6.68,2.45,5.86,6.68,6.58,6.71,2.28,2.33,7.18,5.5,6.7,6.13,6.51,6.34,5.28,6.66,6.7,5.63,6.89,2.72,6.94,2.08,3.02,2.69,5.43,7.68,6.54,4.96,7.32,6.67,6.75
1951,7.56,5.97,7.47,7.13,4.46,3.16,4.51,3.06,2.02,5.25,3.99,6.27,2.54,2.32,6.68,5.78,6.67,6.73,5.13,6.48,6.17,7.36,2.62,6.05,6.81,6.95,5.52,3.49,5.43,6.07,4.9,5.26,6.77,5.99,5.67,6.17,2.9,4.56,3.81,2.84,2.5,6.3,7.54,6.71,6.66,6.23,5.59,6.94,2.08,7.3,6.4,3.01,2.81,5.11,5.24,3.04,2.09,6.39,2.38,7.16,5.98,6.78,5.6,6.31,7.48,2.76,3.69,5.9,5.39,6.91,7.88,3.45,4.45,2.42,3.91,3.34,7.5,4.33,7.39,7.22,4.26,5.94,2.01,5.75,5.82,6.26,7.17,2.79,1.9,4.72,7.3,6.81,6.28,6.68,6.18,6.68,3.49,5.5,4.31,6.52,6.79,6.02,5.97,5.98,3.05,3.27,6.98,7.06,6.36,2.41,2.48,7.25,6.6,7.5,5.7,6.23,6.49,6.9,6.88,3.62,3.1,6.97,3.43,2.88,7.94,7.19,6.63,3.49,5.9,6.54,3.57,2.75,7.25,6.34,4.76,6.67,2.47,5.87,6.67,6.57,6.71,2.21,2.32,7.19,5.53,6.71,6.13,6.49,6.33,5.28,6.66,6.69,5.58,6.89,2.75,6.95,2.1,3.2,2.7,5.46,7.66,6.51,5.08,7.32,6.68,6.76
1952,7.55,6.13,7.44,7.15,4.5,3.16,4.49,3.18,2.06,5.25,4.02,6.33,2.59,2.34,6.66,5.83,6.67,6.75,4.9,6.49,6.15,7.07,2.55,6.09,6.8,6.95,5.49,3.61,5.49,6.09,5.02,5.97,6.76,5.98,5.68,6.25,2.8,4.22,3.73,2.75,2.54,6.31,7.59,6.73,6.69,6.3,5.59,6.96,2.07,7.2,6.59,3.06,2.76,5.07,5.27,2.97,2.11,6.42,2.4,7.09,5.99,6.42,5.8,6.3,7.5,2.72,3.82,5.9,5.46,6.91,7.44,3.41,4.32,2.37,4.13,3.07,7.39,4.39,7.45,7.21,4.36,5.94,2,5.74,5.84,6.26,7.19,2.79,1.95,4.64,7.3,6.82,6.29,6.73,6.3,6.72,3.5,5.54,4.24,6.58,6.81,6,5.99,5.97,3.09,3.32,7.16,7.1,6.35,3.25,2.61,7.25,6.6,7.39,5.75,6.24,6.5,6.9,6.99,3.64,3.1,6.97,3.31,2.88,7.98,7.18,6.68,3.29,5.9,6.62,3.53,2.67,7.25,6.31,5.25,6.65,2.51,5.84,6.65,6.56,6.7,2.24,2.3,7.21,5.62,6.73,6.14,6.45,6.33,5.29,6.68,6.67,5.57,6.9,2.81,6.97,2.15,3.3,2.72,5.55,7.62,6.46,5.31,7.31,6.7,6.78
1953,7.54,6.27,7.43,7.17,4.52,3.15,4.48,3.19,2.09,5.28,4.06,6.39,2.64,2.36,6.64,5.88,6.67,6.76,4.7,6.51,6.14,6.84,2.49,6.12,6.79,6.95,5.47,3.7,5.55,6.11,5.11,5.67,6.75,5.98,5.69,6.33,2.71,3.96,3.66,2.66,2.6,6.31,7.63,6.74,6.71,6.37,5.6,6.98,2.05,7.12,6.73,2.96,2.72,5.04,5.3,2.92,2.14,6.46,2.41,7.04,6.01,6.17,5.97,6.3,7.51,2.67,3.93,5.9,5.53,6.91,7.07,3.39,4.21,2.32,4.33,2.84,7.32,4.43,7.51,7.2,4.49,5.94,2,5.73,5.85,6.28,7.21,2.78,2.01,4.54,7.3,6.82,6.3,6.76,6.4,6.74,3.51,5.61,4.17,6.64,6.84,5.99,6.01,5.97,3.03,3.39,7.3,7.14,6.35,3.92,2.66,7.25,6.6,7.32,5.79,6.24,6.5,6.91,7.09,3.65,3.1,6.97,3.19,2.72,8.02,7.17,6.72,3.11,5.91,6.66,3.48,2.59,7.25,6.29,5.64,6.64,2.55,5.86,6.64,6.55,6.7,2.27,2.3,7.24,5.71,6.75,6.14,6.42,6.33,5.31,6.7,6.65,5.61,6.9,2.85,6.98,2.2,3.37,2.74,5.63,7.58,6.43,5.52,7.31,6.73,6.81
1954,7.53,6.37,7.41,7.2,4.53,3.15,4.48,3.2,2.16,5.32,4.12,6.45,2.68,2.39,6.62,5.94,6.67,6.77,4.51,6.52,6.14,6.66,2.43,6.15,6.79,6.95,5.47,3.78,5.6,6.13,5.18,5.96,6.75,5.97,5.7,6.4,2.63,3.78,3.61,2.58,2.54,6.32,7.66,6.75,6.72,6.43,5.6,6.99,2.04,7.05,6.82,2.93,2.7,5,5.33,2.9,2.17,6.5,2.41,7,6.02,6.05,6.1,6.3,7.51,2.61,4.02,5.9,5.58,6.91,6.76,3.4,4.11,2.29,4.52,2.63,7.28,4.48,7.57,7.19,4.63,5.95,1.99,5.73,5.86,6.29,7.22,2.77,2.06,4.45,7.3,6.83,6.31,6.8,6.49,6.76,3.51,5.71,4.09,6.7,6.87,5.99,6.03,5.97,3.03,3.46,7.4,7.18,6.35,4.44,2.7,7.25,6.6,7.28,5.82,6.24,6.51,6.91,7.17,3.64,3.1,6.97,3.08,2.96,8.06,7.16,6.76,2.96,5.92,6.66,3.43,2.53,7.25,6.26,5.94,6.64,2.59,5.89,6.64,6.55,6.69,2.2,2.31,7.27,5.81,6.77,6.14,6.4,6.34,5.32,6.73,6.62,5.7,6.91,2.85,6.99,2.26,3.49,2.76,5.72,7.54,6.41,5.7,7.32,6.77,6.84
1955,7.52,6.45,7.41,7.23,4.53,3.14,4.49,3.28,2.29,5.39,4.18,6.5,2.7,2.42,6.6,5.99,6.67,6.77,4.34,6.54,6.14,6.54,2.39,6.18,6.8,6.95,5.47,3.82,5.65,6.15,5.23,5.98,6.76,5.97,5.72,6.47,2.56,3.68,3.57,2.51,2.58,6.34,7.67,6.75,6.73,6.49,5.61,6.99,2.02,6.99,6.87,2.93,2.68,4.97,5.37,2.89,2.2,6.54,2.41,6.97,6.03,5.97,6.21,6.3,7.51,2.53,4.1,5.9,5.62,6.91,6.52,3.44,4.03,2.28,4.7,2.46,7.28,4.52,7.64,7.19,4.78,5.95,1.98,5.73,5.86,6.3,7.23,2.75,2.12,4.35,7.3,6.85,6.33,6.83,6.57,6.78,3.5,5.86,4.01,6.76,6.89,5.99,6.05,5.97,3.03,3.49,7.47,7.22,6.35,4.79,2.79,7.25,6.6,7.28,5.85,6.25,6.51,6.92,7.19,3.6,3.1,6.97,2.98,2.8,8.09,7.16,6.8,2.82,5.94,6.62,3.38,2.47,7.25,6.25,6.16,6.63,2.62,5.9,6.63,6.56,6.69,2.27,2.33,7.3,5.92,6.78,6.14,6.38,6.36,5.33,6.77,6.59,5.82,6.92,2.83,6.99,2.33,3.54,2.78,5.8,7.49,6.42,5.86,7.33,6.81,6.88
1956,7.51,6.5,7.41,7.27,4.53,3.14,4.51,3.33,2.49,5.48,4.25,6.56,2.73,2.46,6.58,6.05,6.67,6.77,4.19,6.55,6.16,6.47,2.35,6.21,6.82,6.95,5.49,3.87,5.69,6.17,5.25,5.61,6.77,5.97,5.74,6.51,2.5,3.67,3.55,2.46,2.59,6.35,7.68,6.75,6.74,6.55,5.61,6.98,2.01,6.95,6.87,2.91,2.69,4.95,5.4,2.9,2.23,6.58,2.4,6.95,6.05,5.93,6.29,6.3,7.51,2.44,4.15,5.9,5.65,6.91,6.34,3.5,3.96,2.28,4.87,2.32,7.31,4.55,7.7,7.19,4.94,5.95,1.97,5.73,5.86,6.32,7.23,2.71,2.17,4.24,7.3,6.86,6.35,6.86,6.63,6.78,3.49,6.04,3.92,6.82,6.91,5.99,6.07,5.97,3.05,3.47,7.5,7.26,6.35,4.98,2.86,7.25,6.6,7.31,5.87,6.25,6.51,6.93,7.2,3.55,3.11,6.97,2.86,2.72,8.12,7.17,6.83,2.71,5.96,6.54,3.33,2.43,7.25,6.23,6.28,6.64,2.66,5.88,6.64,6.57,6.69,2.31,2.36,7.33,6.03,6.79,6.14,6.37,6.38,5.34,6.81,6.55,5.96,6.93,2.79,6.98,2.4,3.65,2.8,5.89,7.44,6.44,6,7.34,6.86,6.93
1957,7.49,6.53,7.43,7.31,4.51,3.13,4.53,3.42,2.57,5.58,4.32,6.6,2.74,2.49,6.56,6.11,6.67,6.75,4.07,6.57,6.18,6.44,2.31,6.23,6.85,6.96,5.51,3.91,5.73,6.19,5.24,6.21,6.78,5.98,5.77,6.54,2.45,3.72,3.53,2.41,2.56,6.38,7.67,6.75,6.74,6.59,5.62,6.97,1.99,6.92,6.83,2.86,2.7,4.93,5.44,2.91,2.27,6.62,2.39,6.94,6.07,5.91,6.34,6.31,7.5,2.34,4.18,5.9,5.67,6.92,6.23,3.57,3.92,2.29,5.02,2.21,7.37,4.57,7.76,7.2,5.1,5.95,1.96,5.74,5.86,6.34,7.22,2.68,2.22,4.14,7.3,6.88,6.38,6.89,6.69,6.78,3.46,6.25,3.84,6.89,6.93,6,6.09,5.97,3.08,3.51,7.5,7.31,6.35,5.03,2.86,7.25,6.6,7.37,5.88,6.26,6.51,6.94,7.2,3.47,3.12,6.97,2.73,2.76,8.14,7.17,6.87,2.63,6,6.42,3.27,2.39,7.25,6.22,6.33,6.65,2.69,5.83,6.65,6.58,6.7,2.3,2.39,7.37,6.15,6.8,6.14,6.36,6.4,5.34,6.85,6.51,6.13,6.94,2.72,6.98,2.48,3.74,2.83,5.98,7.39,6.48,6.12,7.37,6.92,6.98
1958,7.48,6.54,7.45,7.36,4.49,3.12,4.55,3.42,2.6,5.68,4.4,6.65,2.73,2.53,6.54,6.17,6.67,6.74,3.96,6.58,6.2,6.44,2.29,6.25,6.88,6.96,5.55,3.92,5.77,6.21,5.22,5.5,6.79,5.98,5.8,6.55,2.4,3.84,3.52,2.36,2.54,6.4,7.64,6.75,6.74,6.63,5.63,6.95,1.98,6.9,6.74,2.68,2.72,4.92,5.48,2.93,2.31,6.67,2.37,6.92,6.08,5.9,6.37,6.32,7.49,2.23,4.19,5.9,5.67,6.92,6.18,3.67,3.88,2.32,5.17,2.13,7.46,4.59,7.83,7.21,5.24,5.96,1.94,5.74,5.86,6.36,7.21,2.63,2.27,4.03,7.3,6.9,6.41,6.91,6.73,6.78,3.43,6.48,3.76,6.94,6.94,6.01,6.11,5.96,3.11,3.56,7.46,7.36,6.36,4.96,2.89,7.25,6.6,7.46,5.89,6.27,6.51,6.95,7.2,3.37,3.13,6.97,2.59,2.69,8.16,7.19,6.91,2.56,6.03,6.25,3.21,2.37,7.25,6.21,6.31,6.66,2.72,5.75,6.66,6.6,6.7,2.28,2.43,7.4,6.27,6.8,6.14,6.37,6.44,5.34,6.88,6.47,6.29,6.96,2.63,6.96,2.55,3.69,2.85,6.07,7.33,6.53,6.21,7.4,6.98,7.04
1959,7.46,6.53,7.48,7.42,4.46,3.12,4.56,3.44,2.69,5.79,4.46,6.69,2.72,2.57,6.52,6.23,6.67,6.72,3.88,6.6,6.21,6.47,2.26,6.27,6.91,6.97,5.59,3.92,5.81,6.23,5.17,4.27,6.8,5.99,5.84,6.52,2.37,4,3.51,2.32,2.49,6.43,7.61,6.73,6.73,6.66,5.64,6.93,1.96,6.89,6.62,2.75,2.74,4.91,5.53,2.94,2.35,6.71,2.35,6.91,6.1,5.91,6.38,6.32,7.47,2.12,4.17,5.9,5.67,6.93,6.19,3.76,3.86,2.35,5.3,2.07,7.57,4.59,7.89,7.22,5.37,5.96,1.93,5.74,5.85,6.38,7.2,2.59,2.31,3.93,7.3,6.92,6.44,6.94,6.76,6.77,3.38,6.72,3.68,7,6.95,6.03,6.13,5.96,3.17,3.55,7.41,7.41,6.36,4.79,2.91,7.25,6.6,7.57,5.88,6.27,6.51,6.96,7.18,3.25,3.15,6.97,2.45,2.58,8.18,7.2,6.95,2.52,6.08,6.06,3.15,2.35,7.25,6.19,6.23,6.67,2.74,5.65,6.67,6.61,6.71,2.26,2.48,7.43,6.41,6.81,6.14,6.37,6.48,5.32,6.92,6.42,6.45,6.98,2.53,6.95,2.63,3.69,2.87,6.17,7.27,6.58,6.29,7.44,7.05,7.1
1960,7.45,6.49,7.52,7.48,4.43,3.11,4.55,3.44,2.7,5.88,4.5,6.73,2.69,2.6,6.5,6.28,6.67,6.7,3.8,6.62,6.21,6.49,2.25,6.29,6.95,6.97,5.65,3.88,5.84,6.25,5.1,3.99,6.81,6,5.88,6.45,2.33,4.18,3.5,2.28,2.54,6.46,7.56,6.72,6.72,6.67,5.65,6.9,1.95,6.88,6.46,2.71,2.77,4.91,5.57,2.94,2.4,6.75,2.33,6.9,6.11,5.92,6.37,6.32,7.46,2.02,4.13,5.91,5.67,6.93,6.25,3.86,3.84,2.39,5.42,2.04,7.69,4.56,7.95,7.24,5.47,5.96,1.91,5.74,5.84,6.41,7.2,2.54,2.35,3.84,7.3,6.94,6.45,6.97,6.78,6.77,3.33,6.95,3.6,7.04,6.95,6.05,6.15,5.96,3.12,3.54,7.34,7.45,6.35,4.58,2.88,7.25,6.6,7.69,5.87,6.28,6.5,6.97,7.15,3.11,3.16,6.97,2.34,2.56,8.19,7.22,7,2.49,6.13,5.82,3.09,2.34,7.25,6.17,6.1,6.69,2.77,5.54,6.69,6.61,6.72,2.2,2.52,7.47,6.55,6.81,6.15,6.37,6.52,5.26,6.94,6.37,6.59,7,2.42,6.93,2.69,3.67,2.88,6.26,7.2,6.62,6.35,7.49,7.12,7.16
1961,7.45,6.4,7.57,7.52,4.39,3.1,4.51,3.52,2.79,5.94,4.5,6.76,2.66,2.62,6.48,6.34,6.67,6.67,3.74,6.63,6.19,6.49,2.23,6.32,7,6.96,5.71,3.81,5.87,6.27,5.05,3.28,6.8,6.02,5.92,6.41,2.3,4.36,3.47,2.24,2.55,6.49,7.49,6.7,6.7,6.68,5.66,6.87,1.95,6.88,6.28,2.65,2.8,4.94,5.62,2.94,2.43,6.79,2.32,6.86,6.13,5.93,6.31,6.32,7.45,1.94,4.07,5.9,5.66,6.92,6.36,3.93,3.84,2.43,5.53,2.02,7.8,4.51,8,7.27,5.52,5.96,1.9,5.72,5.83,6.43,7.24,2.49,2.38,3.76,7.3,6.96,6.42,6.98,6.79,6.76,3.26,7.17,3.52,7.07,6.94,6.07,6.17,5.96,3.22,3.61,7.26,7.47,6.35,4.36,2.91,7.25,6.6,7.8,5.85,6.28,6.49,6.97,7.09,2.96,3.18,6.97,2.25,2.46,8.19,7.23,7.04,2.49,6.17,5.56,3.01,2.33,7.25,6.13,5.93,6.71,2.79,5.42,6.71,6.59,6.73,2.23,2.55,7.5,6.66,6.81,6.15,6.38,6.57,5.18,6.97,6.3,6.69,7.02,2.31,6.91,2.75,3.63,2.89,6.36,7.12,6.64,6.39,7.53,7.17,7.22
1962,7.45,6.28,7.61,7.56,4.34,3.09,4.44,3.41,2.8,5.96,4.45,6.79,2.61,2.63,6.46,6.39,6.67,6.65,3.68,6.65,6.14,6.45,2.21,6.34,7.05,6.96,5.77,3.7,5.89,6.29,5,5.97,6.78,6.03,5.97,6.32,2.27,4.51,3.42,2.2,2.54,6.53,7.4,6.68,6.67,6.67,5.67,6.84,1.94,6.88,6.09,2.66,2.81,4.97,5.67,2.94,2.47,6.83,2.32,6.82,6.14,5.94,6.23,6.3,7.44,1.88,3.98,5.89,5.65,6.91,6.51,3.98,3.83,2.47,5.63,2.01,7.9,4.43,8.04,7.31,5.53,5.97,1.88,5.69,5.82,6.45,7.31,2.45,2.39,3.69,7.3,6.99,6.35,6.99,6.79,6.76,3.18,7.35,3.44,7.09,6.92,6.1,6.18,5.96,3.18,3.51,7.18,7.49,6.35,4.17,2.89,7.25,6.6,7.91,5.81,6.28,6.47,6.96,7.02,2.82,3.19,6.98,2.22,2.34,8.2,7.24,7.08,2.48,6.22,5.27,2.94,2.33,7.26,6.08,5.74,6.74,2.8,5.3,6.74,6.56,6.75,2.26,2.58,7.52,6.76,6.8,6.16,6.38,6.62,5.05,6.99,6.24,6.76,7.04,2.21,6.89,2.79,3.48,2.88,6.44,7.03,6.63,6.43,7.58,7.21,7.27
1963,7.45,6.13,7.65,7.59,4.3,3.08,4.32,3.32,2.82,5.95,4.36,6.83,2.55,2.62,6.44,6.45,6.67,6.63,3.6,6.67,6.06,6.36,2.2,6.38,7.09,6.94,5.83,3.56,5.91,6.3,4.93,7.41,6.74,6.05,6.01,6.2,2.24,4.61,3.35,2.15,2.64,6.56,7.3,6.65,6.65,6.65,5.69,6.81,1.95,6.87,5.88,2.66,2.81,5.01,5.72,2.92,2.49,6.86,2.34,6.79,6.15,5.95,6.14,6.27,7.44,1.84,3.86,5.88,5.63,6.9,6.69,4,3.82,2.5,5.71,2.01,7.98,4.32,8.08,7.35,5.52,5.97,1.86,5.65,5.81,6.48,7.4,2.41,2.39,3.64,7.31,7.02,6.25,7.01,6.8,6.75,3.09,7.48,3.34,7.09,6.9,6.12,6.2,5.96,3.19,3.41,7.11,7.51,6.34,4.06,2.91,7.26,6.6,7.99,5.77,6.28,6.45,6.95,6.95,2.69,3.19,6.98,2.25,2.28,8.2,7.25,7.12,2.48,6.26,4.97,2.86,2.32,7.26,6.03,5.53,6.76,2.82,5.18,6.76,6.5,6.76,2.33,2.58,7.54,6.84,6.8,6.16,6.37,6.68,4.87,7.01,6.17,6.79,7.06,2.13,6.88,2.8,3.35,2.87,6.49,6.94,6.58,6.45,7.62,7.25,7.31
1964,7.45,5.96,7.67,7.61,4.25,3.07,4.16,3.16,2.8,5.89,4.22,6.85,2.49,2.6,6.42,6.5,6.67,6.61,3.52,6.68,5.95,6.23,2.18,6.41,7.14,6.91,5.89,3.38,5.93,6.32,4.84,6.12,6.67,6.07,6.05,6.04,2.21,4.64,3.25,2.1,2.6,6.6,7.19,6.61,6.62,6.61,5.71,6.78,1.95,6.87,5.68,2.58,2.8,5.04,5.78,2.91,2.5,6.89,2.37,6.77,6.15,5.96,6.05,6.23,7.44,1.83,3.74,5.86,5.62,6.87,6.87,3.99,3.82,2.52,5.78,2.01,8.03,4.19,8.1,7.38,5.48,5.97,1.85,5.58,5.81,6.5,7.52,2.38,2.37,3.6,7.31,7.06,6.1,7.03,6.8,6.75,2.99,7.56,3.25,7.07,6.88,6.13,6.22,5.97,3.17,3.22,7.05,7.52,6.34,4.02,2.96,7.26,6.6,8.04,5.71,6.27,6.41,6.92,6.87,2.57,3.19,6.99,2.33,2.16,8.2,7.26,7.15,2.48,6.3,4.66,2.78,2.31,7.26,5.97,5.33,6.79,2.83,5.07,6.79,6.41,6.78,2.48,2.56,7.56,6.91,6.8,6.15,6.35,6.73,4.66,7.02,6.09,6.79,7.08,2.07,6.86,2.79,3.22,2.86,6.52,6.84,6.5,6.46,7.67,7.27,7.35
1965,7.45,5.77,7.68,7.62,4.19,3.06,3.98,3,2.7,5.79,4.06,6.88,2.43,2.56,6.4,6.54,6.67,6.59,3.42,6.69,5.82,6.07,2.17,6.45,7.18,6.87,5.95,3.18,5.94,6.34,4.75,6.02,6.57,6.09,6.09,5.85,2.18,4.62,3.13,2.05,2.61,6.63,7.05,6.56,6.58,6.55,5.73,6.75,1.97,6.86,5.48,2.46,2.77,5.08,5.83,2.88,2.48,6.92,2.41,6.74,6.16,5.97,5.96,6.18,7.44,1.85,3.6,5.83,5.61,6.83,7.04,3.95,3.81,2.53,5.82,2.02,8.06,4.05,8.12,7.41,5.42,5.97,1.84,5.5,5.8,6.52,7.65,2.35,2.34,3.55,7.31,7.1,5.92,7.05,6.8,6.76,2.89,7.59,3.15,7.03,6.87,6.14,6.24,5.97,3.04,3.05,7.01,7.53,6.34,4.06,2.93,7.27,6.6,8.06,5.64,6.26,6.36,6.88,6.78,2.48,3.18,6.99,2.46,2.09,8.2,7.26,7.19,2.47,6.34,4.36,2.7,2.3,7.26,5.92,5.13,6.81,2.83,4.96,6.81,6.3,6.8,2.41,2.53,7.56,6.96,6.8,6.13,6.31,6.79,4.43,7.01,6.01,6.76,7.09,2.03,6.84,2.76,2.93,2.84,6.52,6.73,6.37,6.48,7.71,7.29,7.37
1966,7.45,5.58,7.68,7.62,4.13,3.05,3.79,2.92,2.66,5.66,3.89,6.9,2.37,2.5,6.38,6.59,6.67,6.59,3.31,6.7,5.66,5.92,2.15,6.49,7.22,6.81,6,2.96,5.95,6.36,4.63,6.21,6.43,6.11,6.14,5.63,2.14,4.54,3.01,2.01,2.62,6.67,6.9,6.51,6.53,6.49,5.76,6.73,1.99,6.87,5.28,2.41,2.73,5.11,5.88,2.85,2.44,6.94,2.46,6.72,6.17,5.98,5.86,6.11,7.44,1.88,3.46,5.79,5.6,6.77,7.19,3.9,3.8,2.53,5.82,2.03,8.05,3.91,8.13,7.42,5.35,5.97,1.84,5.4,5.8,6.55,7.78,2.33,2.29,3.5,7.31,7.14,5.73,7.07,6.8,6.77,2.8,7.6,3.05,6.97,6.86,6.13,6.26,5.96,2.9,3.13,6.98,7.54,6.34,4.16,2.89,7.28,6.6,8.05,5.56,6.24,6.28,6.82,6.69,2.41,3.16,6.99,2.59,2.1,8.2,7.26,7.22,2.45,6.37,4.07,2.64,2.29,7.26,5.86,4.94,6.83,2.84,4.85,6.83,6.18,6.82,2.36,2.47,7.57,7,6.8,6.08,6.27,6.85,4.2,6.98,5.93,6.7,7.11,2.02,6.82,2.7,2.71,2.83,6.5,6.63,6.2,6.49,7.74,7.3,7.39
1967,7.45,5.39,7.67,7.61,4.04,3.05,3.61,2.87,2.62,5.51,3.75,6.92,2.33,2.43,6.36,6.63,6.67,6.59,3.21,6.7,5.49,5.8,2.14,6.53,7.25,6.75,6.06,2.75,5.95,6.39,4.5,5.25,6.25,6.14,6.18,5.38,2.1,4.43,2.89,1.99,2.35,6.7,6.74,6.44,6.47,6.42,5.78,6.71,2.01,6.88,5.08,2.32,2.68,5.14,5.94,2.82,2.37,6.95,2.51,6.71,6.18,5.99,5.76,6.03,7.42,1.92,3.34,5.75,5.58,6.7,7.3,3.86,3.8,2.52,5.79,2.04,8.03,3.8,8.13,7.4,5.3,5.97,1.85,5.3,5.8,6.58,7.91,2.32,2.22,3.44,7.3,7.18,5.53,7.09,6.8,6.79,2.72,7.59,2.95,6.9,6.86,6.11,6.3,5.96,2.81,3,6.96,7.54,6.36,4.26,2.8,7.28,6.6,8.02,5.47,6.23,6.17,6.73,6.59,2.35,3.13,6.98,2.71,2.01,8.2,7.26,7.24,2.44,6.4,3.82,2.58,2.27,7.25,5.81,4.77,6.85,2.85,4.73,6.85,6.05,6.84,2.27,2.4,7.57,7.02,6.79,6.01,6.21,6.91,3.99,6.94,5.86,6.64,7.11,2.01,6.79,2.61,2.56,2.83,6.46,6.53,6.01,6.49,7.76,7.32,7.4
1968,7.45,5.22,7.67,7.61,3.94,3.05,3.45,2.88,2.59,5.35,3.64,6.94,2.29,2.36,6.34,6.67,6.67,6.59,3.11,6.69,5.33,5.74,2.13,6.56,7.27,6.67,6.11,2.56,5.95,6.43,4.35,6.37,6.03,6.16,6.22,5.12,2.07,4.31,2.78,1.99,2.12,6.74,6.56,6.35,6.4,6.34,5.79,6.69,2.04,6.9,4.89,2.15,2.62,5.18,5.99,2.79,2.28,6.96,2.54,6.69,6.19,6.01,5.64,5.94,7.38,1.95,3.22,5.7,5.56,6.62,7.36,3.83,3.81,2.5,5.72,2.07,8,3.71,8.12,7.36,5.25,5.97,1.87,5.18,5.81,6.62,8.01,2.31,2.14,3.36,7.3,7.22,5.34,7.11,6.8,6.81,2.66,7.58,2.87,6.82,6.85,6.08,6.35,5.95,2.72,3.02,6.94,7.55,6.39,4.33,2.75,7.29,6.6,7.98,5.38,6.21,6.04,6.63,6.49,2.31,3.09,6.97,2.79,1.97,8.21,7.27,7.26,2.42,6.43,3.58,2.54,2.26,7.23,5.77,4.62,6.87,2.86,4.61,6.87,5.92,6.86,2.07,2.31,7.57,7.04,6.79,5.9,6.13,6.97,3.8,6.88,5.78,6.56,7.12,2.02,6.76,2.52,2.47,2.84,6.42,6.43,5.81,6.49,7.78,7.33,7.41
1969,7.45,5.06,7.66,7.6,3.82,3.06,3.31,2.86,2.49,5.19,3.57,6.95,2.27,2.28,6.32,6.71,6.67,6.59,3.02,6.67,5.17,5.73,2.13,6.59,7.28,6.57,6.16,2.38,5.95,6.48,4.19,5.67,5.8,6.19,6.25,4.86,2.04,4.18,2.69,2.02,2,6.77,6.38,6.25,6.32,6.26,5.8,6.67,2.07,6.94,4.71,1.94,2.56,5.21,6.04,2.75,2.17,6.96,2.56,6.66,6.21,6.02,5.52,5.85,7.33,1.98,3.12,5.65,5.52,6.53,7.38,3.82,3.81,2.48,5.62,2.09,7.97,3.65,8.1,7.28,5.21,5.97,1.9,5.06,5.81,6.66,8.09,2.31,2.05,3.27,7.29,7.26,5.17,7.12,6.79,6.83,2.61,7.58,2.8,6.74,6.85,6.03,6.4,5.93,2.75,3.01,6.92,7.56,6.43,4.35,2.69,7.29,6.6,7.92,5.28,6.19,5.89,6.51,6.38,2.28,3.05,6.95,2.83,1.98,8.22,7.27,7.28,2.4,6.47,3.38,2.51,2.24,7.21,5.72,4.47,6.88,2.87,4.48,6.88,5.79,6.87,1.92,2.22,7.57,7.03,6.78,5.76,6.04,7.03,3.66,6.8,5.7,6.48,7.12,2.03,6.71,2.41,2.46,2.87,6.38,6.35,5.61,6.49,7.79,7.35,7.42
1970,7.45,4.91,7.64,7.6,3.68,3.07,3.21,2.81,2.29,5.02,3.53,6.95,2.25,2.21,6.3,6.75,6.67,6.58,2.93,6.65,5.02,5.75,2.14,6.62,7.29,6.47,6.2,2.23,5.95,6.53,4.02,5.75,5.55,6.21,6.29,4.61,2.01,4.03,2.61,2.06,1.95,6.8,6.18,6.14,6.23,6.17,5.81,6.65,2.1,6.98,4.54,1.83,2.49,5.25,6.09,2.71,2.04,6.95,2.57,6.64,6.23,6.04,5.38,5.76,7.27,2.01,3.03,5.59,5.47,6.44,7.36,3.81,3.82,2.44,5.48,2.11,7.93,3.61,8.08,7.17,5.18,5.97,1.93,4.95,5.81,6.7,8.13,2.31,1.96,3.16,7.27,7.3,5.01,7.13,6.78,6.83,2.58,7.57,2.74,6.65,6.84,5.96,6.46,5.92,2.57,2.95,6.89,7.57,6.47,4.32,2.5,7.31,6.6,7.86,5.17,6.16,5.74,6.38,6.26,2.25,2.99,6.91,2.82,2,8.23,7.28,7.29,2.39,6.5,3.19,2.5,2.23,7.18,5.67,4.34,6.89,2.87,4.34,6.89,5.65,6.88,1.92,2.12,7.57,7,6.77,5.6,5.92,7.08,3.55,6.71,5.62,6.4,7.12,2.05,6.66,2.29,2.46,2.9,6.33,6.27,5.4,6.47,7.81,7.37,7.42
1971,7.45,4.78,7.62,7.6,3.52,3.1,3.12,2.85,2.2,4.85,3.5,6.94,2.24,2.13,6.29,6.79,6.67,6.55,2.84,6.62,4.9,5.77,2.14,6.66,7.3,6.33,6.25,2.11,5.95,6.58,3.84,5.4,5.3,6.24,6.32,4.39,1.99,3.86,2.55,2.11,2.04,6.83,5.98,6.01,6.14,6.09,5.81,6.64,2.12,7.02,4.4,1.7,2.41,5.28,6.14,2.67,1.92,6.94,2.57,6.62,6.25,6.06,5.23,5.69,7.2,2.03,2.95,5.52,5.41,6.36,7.31,3.81,3.81,2.4,5.31,2.12,7.88,3.59,8.05,7.02,5.15,5.98,1.95,4.84,5.81,6.74,8.15,2.3,1.87,3.04,7.25,7.35,4.88,7.14,6.77,6.79,2.56,7.55,2.68,6.55,6.82,5.88,6.52,5.9,2.36,3.02,6.86,7.58,6.52,4.21,2.49,7.35,6.6,7.8,5.06,6.14,5.59,6.24,6.15,2.24,2.94,6.86,2.79,2.02,8.25,7.29,7.3,2.38,6.52,3.01,2.5,2.22,7.15,5.61,4.19,6.9,2.87,4.21,6.9,5.5,6.88,1.96,2.02,7.57,6.94,6.77,5.4,5.75,7.14,3.48,6.59,5.53,6.32,7.11,2.06,6.58,2.18,2.27,2.94,6.26,6.2,5.22,6.42,7.85,7.38,7.42
1972,7.45,4.64,7.6,7.61,3.33,3.15,3.03,2.68,2.09,4.68,3.47,6.93,2.23,2.05,6.28,6.82,6.68,6.5,2.76,6.58,4.78,5.76,2.16,6.7,7.31,6.18,6.29,2.01,5.95,6.64,3.67,4.92,5.07,6.27,6.35,4.19,1.98,3.65,2.49,2.18,2.03,6.84,5.78,5.87,6.06,6,5.81,6.62,2.13,7.06,4.28,1.59,2.33,5.33,6.19,2.62,1.8,6.92,2.55,6.6,6.28,6.08,5.06,5.64,7.11,2.06,2.88,5.44,5.34,6.29,7.23,3.79,3.8,2.35,5.11,2.11,7.82,3.57,8.01,6.84,5.11,5.99,1.96,4.73,5.8,6.78,8.14,2.29,1.78,2.93,7.22,7.39,4.76,7.15,6.76,6.7,2.54,7.5,2.62,6.46,6.8,5.79,6.57,5.88,2.15,2.9,6.81,7.6,6.58,4.05,2.38,7.41,6.61,7.75,4.94,6.11,5.46,6.1,6.04,2.23,2.88,6.78,2.73,2.03,8.28,7.3,7.3,2.37,6.55,2.84,2.5,2.21,7.12,5.54,4.04,6.91,2.86,4.08,6.91,5.34,6.87,1.91,1.92,7.56,6.85,6.76,5.18,5.54,7.18,3.43,6.47,5.43,6.24,7.11,2.06,6.48,2.07,2.01,2.97,6.19,6.13,5.05,6.35,7.92,7.39,7.42
1973,7.45,4.51,7.56,7.61,3.12,3.2,2.94,2.48,1.94,4.51,3.41,6.9,2.22,1.98,6.29,6.86,6.69,6.42,2.67,6.55,4.68,5.69,2.17,6.74,7.33,6,6.33,1.93,5.95,6.69,3.51,4.51,4.86,6.3,6.37,4.03,1.97,3.4,2.44,2.24,1.92,6.83,5.58,5.73,5.97,5.91,5.8,6.62,2.13,7.09,4.18,1.5,2.24,5.37,6.23,2.58,1.7,6.89,2.54,6.58,6.31,6.1,4.88,5.62,7.03,2.1,2.8,5.36,5.25,6.24,7.15,3.74,3.77,2.28,4.9,2.09,7.75,3.54,7.96,6.63,5.05,6.01,1.97,4.63,5.79,6.82,8.1,2.27,1.7,2.83,7.19,7.43,4.64,7.15,6.74,6.56,2.52,7.41,2.57,6.36,6.77,5.69,6.61,5.87,1.9,2.73,6.75,7.62,6.63,3.85,2.23,7.5,6.61,7.7,4.81,6.08,5.35,5.96,5.93,2.22,2.83,6.69,2.69,1.96,8.31,7.31,7.3,2.36,6.57,2.65,2.5,2.21,7.09,5.46,3.86,6.92,2.84,3.97,6.92,5.15,6.86,1.87,1.83,7.54,6.71,6.76,4.95,5.3,7.22,3.39,6.33,5.32,6.14,7.1,2.06,6.37,1.98,1.87,2.99,6.09,6.07,4.91,6.25,8,7.39,7.42
1974,7.45,4.37,7.51,7.61,2.91,3.26,2.85,2.33,1.91,4.34,3.33,6.87,2.19,1.91,6.29,6.9,6.69,6.31,2.58,6.51,4.59,5.56,2.18,6.8,7.35,5.83,6.37,1.87,5.95,6.74,3.35,4.15,4.68,6.33,6.38,3.9,1.98,3.13,2.39,2.29,1.9,6.82,5.38,5.58,5.9,5.82,5.8,6.61,2.13,7.12,4.11,1.62,2.15,5.42,6.26,2.53,1.62,6.86,2.52,6.56,6.34,6.12,4.69,5.61,6.94,2.15,2.73,5.28,5.15,6.21,7.07,3.67,3.72,2.2,4.69,2.05,7.68,3.49,7.91,6.4,4.97,6.03,1.96,4.53,5.78,6.85,8.05,2.24,1.63,2.74,7.15,7.48,4.53,7.15,6.71,6.37,2.5,7.29,2.51,6.26,6.73,5.57,6.64,5.85,1.77,2.61,6.68,7.64,6.67,3.63,2.13,7.62,6.61,7.65,4.68,6.04,5.27,5.83,5.82,2.22,2.77,6.58,2.64,2,8.34,7.31,7.3,2.36,6.59,2.46,2.5,2.2,7.06,5.37,3.67,6.93,2.8,3.87,6.93,4.95,6.84,1.88,1.74,7.51,6.55,6.76,4.72,5.04,7.25,3.35,6.19,5.19,6.04,7.1,2.05,6.25,1.89,1.83,3,5.97,6,4.78,6.13,8.12,7.38,7.41
1975,7.45,4.24,7.43,7.62,2.7,3.32,2.75,2.18,1.83,4.18,3.23,6.82,2.17,1.84,6.28,6.93,6.69,6.18,2.49,6.47,4.5,5.37,2.19,6.86,7.37,5.68,6.41,1.81,5.95,6.78,3.22,3.58,4.52,6.37,6.39,3.81,1.99,2.84,2.35,2.33,1.92,6.78,5.19,5.43,5.83,5.72,5.79,6.61,2.11,7.14,4.05,1.69,2.06,5.47,6.29,2.49,1.56,6.82,2.5,6.54,6.37,6.15,4.5,5.64,6.84,2.18,2.65,5.19,5.04,6.21,6.99,3.57,3.66,2.12,4.48,2,7.6,3.43,7.84,6.18,4.88,6.06,1.95,4.44,5.76,6.88,7.97,2.21,1.57,2.66,7.1,7.52,4.43,7.15,6.68,6.13,2.48,7.14,2.45,6.16,6.68,5.46,6.65,5.84,1.66,2.46,6.6,7.67,6.71,3.4,1.98,7.75,6.61,7.61,4.54,6,5.22,5.71,5.72,2.22,2.71,6.46,2.61,1.97,8.37,7.31,7.29,2.36,6.61,2.27,2.5,2.2,7.03,5.29,3.46,6.93,2.75,3.78,6.94,4.74,6.82,1.77,1.67,7.47,6.38,6.75,4.49,4.79,7.28,3.31,6.04,5.06,5.93,7.1,2.03,6.11,1.83,1.77,2.98,5.84,5.93,4.67,5.97,8.24,7.36,7.4
1976,7.45,4.1,7.34,7.61,2.51,3.37,2.65,2.09,1.69,4.02,3.14,6.76,2.14,1.78,6.25,6.96,6.69,6.04,2.4,6.43,4.42,5.13,2.19,6.92,7.39,5.59,6.45,1.77,5.95,6.82,3.1,3.25,4.4,6.4,6.38,3.74,2,2.57,2.32,2.35,1.75,6.73,5.01,5.28,5.78,5.61,5.79,6.61,2.1,7.17,4.02,1.72,1.98,5.52,6.32,2.45,1.53,6.77,2.47,6.51,6.4,6.19,4.33,5.7,6.75,2.21,2.57,5.11,4.93,6.24,6.92,3.46,3.59,2.03,4.29,1.94,7.52,3.36,7.77,5.96,4.77,6.1,1.93,4.36,5.74,6.91,7.87,2.17,1.53,2.61,7.04,7.56,4.33,7.15,6.64,5.86,2.47,6.97,2.39,6.06,6.63,5.34,6.65,5.82,1.63,2.37,6.51,7.7,6.74,3.2,1.86,7.89,6.61,7.57,4.4,5.95,5.2,5.58,5.61,2.22,2.65,6.33,2.58,1.95,8.4,7.31,7.29,2.37,6.63,2.1,2.48,2.18,7.02,5.2,3.25,6.93,2.68,3.71,6.93,4.53,6.79,1.68,1.61,7.42,6.2,6.74,4.26,4.61,7.29,3.29,5.89,4.92,5.8,7.1,2.02,5.97,1.78,1.74,2.95,5.7,5.86,4.57,5.8,8.38,7.32,7.37
1977,7.45,3.97,7.23,7.59,2.36,3.39,2.56,2.03,1.63,3.87,3.06,6.68,2.11,1.73,6.2,6.98,6.67,5.9,2.32,6.39,4.34,4.88,2.18,6.98,7.41,5.56,6.49,1.74,5.95,6.86,2.99,2.87,4.28,6.44,6.36,3.7,2.01,2.33,2.31,2.34,1.66,6.67,4.85,5.13,5.73,5.49,5.8,6.63,2.08,7.2,3.99,1.69,1.92,5.57,6.33,2.41,1.5,6.72,2.44,6.48,6.44,6.25,4.17,5.78,6.65,2.2,2.49,5.03,4.81,6.29,6.83,3.34,3.51,1.94,4.12,1.89,7.46,3.28,7.7,5.77,4.66,6.14,1.92,4.27,5.71,6.93,7.74,2.13,1.5,2.56,6.98,7.59,4.25,7.15,6.6,5.59,2.46,6.78,2.34,5.97,6.59,5.23,6.62,5.8,1.58,2.32,6.42,7.74,6.76,3.03,1.75,8.02,6.6,7.51,4.26,5.9,5.19,5.45,5.51,2.23,2.57,6.2,2.54,1.92,8.43,7.3,7.3,2.37,6.64,1.95,2.47,2.17,7.01,5.11,3.05,6.91,2.59,3.63,6.92,4.34,6.76,1.65,1.57,7.36,6.03,6.73,4.03,4.51,7.28,3.27,5.73,4.79,5.65,7.1,2,5.84,1.74,1.78,2.91,5.55,5.79,4.48,5.61,8.5,7.28,7.33
1978,7.45,3.84,7.11,7.57,2.24,3.39,2.48,1.97,1.6,3.73,3.01,6.59,2.1,1.69,6.11,7,6.64,5.76,2.24,6.35,4.26,4.65,2.17,7.04,7.42,5.6,6.54,1.71,5.95,6.89,2.91,2.74,4.18,6.49,6.32,3.66,2.01,2.13,2.31,2.3,1.67,6.6,4.69,4.99,5.68,5.37,5.8,6.64,2.07,7.23,3.97,1.65,1.88,5.62,6.34,2.37,1.49,6.67,2.39,6.44,6.47,6.32,4.03,5.87,6.54,2.17,2.42,4.96,4.68,6.35,6.75,3.22,3.43,1.85,3.97,1.84,7.39,3.22,7.62,5.6,4.55,6.19,1.91,4.18,5.67,6.95,7.58,2.1,1.48,2.53,6.9,7.62,4.18,7.15,6.55,5.32,2.45,6.59,2.3,5.88,6.54,5.13,6.58,5.78,1.58,2.19,6.33,7.78,6.77,2.9,1.77,8.14,6.58,7.45,4.13,5.84,5.19,5.31,5.4,2.25,2.49,6.07,2.5,1.9,8.45,7.28,7.3,2.36,6.66,1.83,2.44,2.14,7,5.02,2.87,6.9,2.48,3.56,6.89,4.18,6.73,1.6,1.54,7.29,5.89,6.71,3.81,4.51,7.27,3.27,5.57,4.65,5.49,7.1,1.99,5.72,1.73,1.75,2.85,5.4,5.72,4.39,5.42,8.61,7.22,7.27
1979,7.45,3.73,6.96,7.54,2.16,3.37,2.42,1.92,1.6,3.61,2.99,6.48,2.08,1.66,5.99,7.02,6.6,5.63,2.18,6.29,4.17,4.43,2.14,7.09,7.42,5.71,6.58,1.69,5.95,6.93,2.83,2.8,4.07,6.54,6.27,3.62,2.01,1.99,2.33,2.25,1.6,6.52,4.55,4.85,5.64,5.24,5.82,6.66,2.06,7.27,3.94,1.64,1.85,5.66,6.34,2.34,1.48,6.61,2.34,6.4,6.5,6.4,3.92,5.97,6.43,2.12,2.36,4.89,4.56,6.42,6.66,3.11,3.35,1.76,3.84,1.81,7.33,3.16,7.54,5.45,4.45,6.23,1.92,4.09,5.63,6.96,7.41,2.07,1.46,2.51,6.81,7.64,4.12,7.15,6.5,5.06,2.46,6.4,2.27,5.78,6.5,5.02,6.52,5.76,1.56,2.24,6.23,7.81,6.78,2.82,1.75,8.23,6.56,7.37,4,5.77,5.18,5.17,5.29,2.27,2.39,5.94,2.45,1.87,8.46,7.25,7.31,2.36,6.68,1.74,2.41,2.11,7,4.93,2.7,6.87,2.36,3.49,6.85,4.04,6.69,1.66,1.52,7.2,5.77,6.69,3.59,4.61,7.25,3.28,5.41,4.53,5.33,7.1,1.99,5.6,1.72,1.8,2.79,5.25,5.65,4.3,5.23,8.69,7.16,7.2
1980,7.45,3.62,6.79,7.5,2.12,3.33,2.39,1.9,1.65,3.5,2.99,6.36,2.08,1.63,5.85,7.03,6.55,5.52,2.12,6.21,4.07,4.25,2.11,7.13,7.42,5.87,6.63,1.67,5.95,6.96,2.78,2.32,3.97,6.59,6.21,3.59,2,1.89,2.35,2.18,1.55,6.44,4.42,4.73,5.6,5.1,5.84,6.68,2.06,7.32,3.91,1.63,1.84,5.69,6.34,2.31,1.47,6.54,2.27,6.34,6.53,6.49,3.82,6.06,6.31,2.04,2.31,4.83,4.43,6.48,6.57,3,3.28,1.69,3.73,1.78,7.26,3.11,7.46,5.32,4.37,6.28,1.94,4,5.59,6.97,7.22,2.06,1.46,2.49,6.73,7.64,4.07,7.15,6.46,4.84,2.48,6.21,2.24,5.68,6.46,4.92,6.45,5.73,1.6,2.15,6.13,7.84,6.78,2.77,1.72,8.3,6.54,7.28,3.88,5.69,5.17,5.02,5.18,2.28,2.29,5.81,2.4,1.86,8.46,7.21,7.31,2.35,6.69,1.82,2.37,2.06,7.01,4.84,2.54,6.85,2.22,3.41,6.8,3.92,6.65,1.68,1.51,7.09,5.69,6.65,3.39,4.77,7.21,3.28,5.24,4.41,5.17,7.1,1.99,5.51,1.73,1.82,2.73,5.11,5.58,4.2,5.05,8.75,7.09,7.1
1981,7.45,3.53,6.62,7.47,2.1,3.27,2.37,1.92,1.67,3.41,2.99,6.22,2.08,1.61,5.68,7.03,6.5,5.42,2.08,6.11,3.97,4.1,2.08,7.15,7.42,6.04,6.66,1.65,5.96,6.99,2.74,2.67,3.86,6.64,6.13,3.55,1.99,1.84,2.39,2.11,1.44,6.37,4.3,4.61,5.56,4.96,5.86,6.69,2.08,7.36,3.86,1.65,1.84,5.71,6.32,2.3,1.47,6.47,2.19,6.27,6.56,6.57,3.73,6.12,6.19,1.96,2.27,4.77,4.3,6.52,6.49,2.9,3.22,1.62,3.64,1.77,7.18,3.09,7.37,5.18,4.3,6.32,1.98,3.9,5.54,6.97,7.02,2.05,1.45,2.47,6.64,7.64,4.02,7.15,6.41,4.64,2.51,6.03,2.22,5.57,6.44,4.81,6.36,5.69,1.56,2.16,6.02,7.87,6.78,2.75,1.7,8.34,6.51,7.19,3.78,5.61,5.16,4.88,5.08,2.3,2.18,5.66,2.36,1.88,8.44,7.14,7.3,2.34,6.7,1.78,2.34,2.02,7.03,4.74,2.4,6.83,2.09,3.32,6.74,3.81,6.6,1.64,1.51,6.98,5.64,6.62,3.2,4.96,7.16,3.28,5.08,4.28,5.02,7.1,2,5.42,1.74,1.81,2.67,4.98,5.5,4.1,4.87,8.8,7.02,6.97
1982,7.45,3.45,6.43,7.44,2.1,3.21,2.38,1.91,1.66,3.34,2.99,6.06,2.09,1.59,5.51,7.02,6.46,5.34,2.03,5.98,3.85,3.99,2.06,7.17,7.42,6.19,6.69,1.63,5.96,7.02,2.71,2.58,3.74,6.69,6.05,3.52,1.98,1.83,2.42,2.04,1.43,6.32,4.19,4.5,5.53,4.82,5.88,6.69,2.1,7.4,3.81,1.72,1.84,5.72,6.3,2.28,1.46,6.39,2.1,6.19,6.58,6.64,3.64,6.15,6.06,1.89,2.23,4.7,4.17,6.52,6.41,2.79,3.17,1.55,3.56,1.76,7.07,3.07,7.27,5.02,4.24,6.35,2.02,3.8,5.49,6.96,6.83,2.05,1.45,2.45,6.55,7.62,3.97,7.15,6.37,4.46,2.55,5.86,2.21,5.44,6.41,4.69,6.26,5.65,1.5,2.1,5.9,7.88,6.77,2.73,1.71,8.35,6.48,7.11,3.68,5.52,5.13,4.73,4.98,2.3,2.07,5.5,2.32,1.96,8.41,7.05,7.27,2.33,6.72,1.74,2.3,1.96,7.05,4.65,2.26,6.81,1.96,3.22,6.67,3.71,6.54,1.63,1.52,6.84,5.61,6.58,3.02,5.13,7.1,3.26,4.92,4.16,4.9,7.1,2,5.35,1.76,1.81,2.62,4.87,5.43,4.01,4.69,8.83,6.95,6.81
1983,7.45,3.38,6.24,7.41,2.1,3.16,2.41,1.91,1.56,3.29,2.97,5.89,2.1,1.58,5.34,7.01,6.41,5.26,2,5.83,3.72,3.91,2.03,7.17,7.44,6.3,6.7,1.62,5.95,7.06,2.69,2.58,3.63,6.74,5.96,3.48,1.96,1.83,2.44,1.99,1.38,6.27,4.08,4.4,5.49,4.68,5.9,6.68,2.13,7.42,3.76,1.74,1.85,5.72,6.28,2.28,1.46,6.31,2,6.09,6.6,6.69,3.55,6.15,5.93,1.84,2.2,4.64,4.03,6.47,6.34,2.68,3.13,1.5,3.48,1.75,6.94,3.06,7.16,4.83,4.2,6.36,2.07,3.69,5.44,6.95,6.63,2.05,1.45,2.43,6.48,7.59,3.93,7.15,6.32,4.3,2.59,5.7,2.19,5.29,6.39,4.55,6.15,5.6,1.47,2.1,5.76,7.89,6.75,2.7,1.66,8.34,6.46,7.02,3.58,5.42,5.09,4.6,4.88,2.3,1.97,5.32,2.3,2.09,8.36,6.93,7.22,2.32,6.72,1.61,2.27,1.91,7.08,4.54,2.11,6.81,1.84,3.12,6.61,3.6,6.47,1.61,1.53,6.7,5.6,6.54,2.86,5.26,7.03,3.22,4.75,4.02,4.79,7.1,2.01,5.28,1.78,1.78,2.57,4.76,5.36,3.93,4.52,8.85,6.88,6.63
1984,7.46,3.32,6.04,7.39,2.1,3.12,2.44,1.86,1.52,3.26,2.92,5.71,2.11,1.57,5.17,6.99,6.36,5.19,1.96,5.64,3.59,3.84,2.02,7.16,7.46,6.34,6.71,1.62,5.95,7.09,2.68,2.62,3.53,6.79,5.87,3.45,1.94,1.83,2.45,1.95,1.4,6.24,3.98,4.31,5.44,4.55,5.93,6.67,2.17,7.44,3.69,1.7,1.85,5.71,6.25,2.28,1.46,6.22,1.9,5.98,6.62,6.73,3.45,6.11,5.8,1.8,2.17,4.56,3.89,6.37,6.28,2.56,3.11,1.45,3.39,1.73,6.78,3.06,7.04,4.61,4.16,6.37,2.11,3.59,5.38,6.92,6.44,2.06,1.45,2.4,6.41,7.54,3.87,7.15,6.28,4.15,2.62,5.53,2.18,5.12,6.37,4.4,6.02,5.55,1.49,2.12,5.61,7.88,6.73,2.65,1.66,8.3,6.44,6.95,3.49,5.31,5.04,4.48,4.8,2.28,1.87,5.13,2.29,2.05,8.28,6.8,7.15,2.31,6.73,1.62,2.25,1.85,7.11,4.43,1.97,6.81,1.73,3.01,6.54,3.49,6.39,1.66,1.54,6.53,5.59,6.5,2.71,5.32,6.95,3.15,4.59,3.88,4.71,7.1,2.01,5.22,1.8,1.79,2.55,4.67,5.28,3.86,4.36,8.86,6.81,6.44
1985,7.46,3.27,5.84,7.38,2.09,3.09,2.48,1.9,1.47,3.24,2.86,5.52,2.11,1.57,5.02,6.97,6.31,5.13,1.93,5.45,3.45,3.79,2,7.14,7.49,6.31,6.7,1.61,5.94,7.12,2.67,2.66,3.42,6.85,5.77,3.41,1.92,1.84,2.46,1.93,1.45,6.22,3.88,4.21,5.38,4.43,5.95,6.64,2.19,7.44,3.63,1.64,1.84,5.69,6.22,2.27,1.45,6.13,1.81,5.87,6.63,6.74,3.35,6.03,5.67,1.79,2.15,4.48,3.75,6.22,6.22,2.45,3.09,1.42,3.31,1.71,6.59,3.06,6.91,4.36,4.13,6.36,2.15,3.48,5.31,6.88,6.24,2.06,1.45,2.37,6.35,7.47,3.82,7.15,6.24,4.02,2.64,5.35,2.16,4.94,6.35,4.23,5.89,5.49,1.51,2.14,5.45,7.87,6.7,2.58,1.68,8.22,6.41,6.88,3.41,5.21,4.97,4.36,4.71,2.26,1.78,4.93,2.27,2.05,8.18,6.65,7.06,2.29,6.73,1.61,2.22,1.8,7.15,4.32,1.84,6.81,1.63,2.9,6.47,3.38,6.29,1.74,1.54,6.36,5.57,6.47,2.57,5.34,6.87,3.06,4.43,3.74,4.65,7.1,2,5.14,1.81,1.84,2.53,4.59,5.21,3.79,4.21,8.87,6.75,6.22
1986,7.46,3.22,5.63,7.37,2.08,3.07,2.52,1.87,1.45,3.22,2.79,5.33,2.1,1.56,4.89,6.94,6.23,5.07,1.9,5.24,3.31,3.76,1.98,7.12,7.51,6.23,6.67,1.61,5.93,7.16,2.65,2.68,3.32,6.9,5.68,3.37,1.89,1.84,2.46,1.91,1.48,6.21,3.78,4.12,5.29,4.32,5.96,6.6,2.19,7.42,3.57,1.6,1.83,5.65,6.19,2.27,1.44,6.03,1.71,5.76,6.64,6.73,3.26,5.92,5.55,1.79,2.14,4.4,3.61,6.01,6.16,2.34,3.07,1.38,3.22,1.69,6.38,3.05,6.76,4.07,4.1,6.34,2.16,3.38,5.24,6.82,6.02,2.06,1.46,2.34,6.31,7.39,3.76,7.15,6.21,3.9,2.65,5.14,2.14,4.75,6.33,4.06,5.76,5.43,1.55,2.16,5.28,7.85,6.66,2.5,1.71,8.1,6.37,6.84,3.34,5.11,4.9,4.25,4.63,2.23,1.71,4.72,2.25,2.18,8.04,6.5,6.96,2.27,6.73,1.43,2.2,1.74,7.19,4.19,1.73,6.82,1.55,2.8,6.4,3.28,6.19,1.8,1.54,6.17,5.54,6.42,2.45,5.31,6.78,2.95,4.25,3.6,4.6,7.1,1.99,5.05,1.82,1.84,2.52,4.51,5.14,3.73,4.06,8.86,6.69,6
1987,7.46,3.16,5.41,7.35,2.07,3.06,2.55,1.86,1.43,3.2,2.73,5.13,2.07,1.56,4.77,6.9,6.13,5.03,1.87,5.04,3.17,3.72,1.94,7.09,7.53,6.1,6.63,1.62,5.91,7.2,2.64,2.65,3.23,6.96,5.59,3.33,1.84,1.83,2.45,1.9,1.5,6.19,3.69,4.03,5.18,4.22,5.97,6.55,2.17,7.39,3.51,1.59,1.81,5.61,6.16,2.26,1.43,5.93,1.63,5.66,6.64,6.72,3.19,5.8,5.44,1.81,2.13,4.31,3.47,5.76,6.11,2.23,3.06,1.36,3.14,1.66,6.15,3.02,6.6,3.78,4.07,6.31,2.14,3.28,5.17,6.75,5.79,2.05,1.47,2.3,6.27,7.29,3.7,7.16,6.17,3.79,2.63,4.91,2.12,4.57,6.31,3.89,5.63,5.37,1.56,2.24,5.1,7.82,6.63,2.43,1.75,7.93,6.31,6.8,3.26,5.02,4.82,4.14,4.55,2.2,1.65,4.52,2.19,2.23,7.86,6.34,6.85,2.24,6.73,1.62,2.17,1.67,7.24,4.06,1.65,6.82,1.49,2.7,6.34,3.19,6.06,1.84,1.55,5.96,5.5,6.38,2.35,5.27,6.67,2.83,4.07,3.46,4.56,7.1,1.96,4.93,1.83,1.87,2.52,4.44,5.08,3.67,3.93,8.83,6.62,5.78
1988,7.46,3.11,5.19,7.32,2.06,3.04,2.57,1.85,1.45,3.18,2.68,4.93,2.03,1.57,4.67,6.86,5.99,4.99,1.84,4.85,3.04,3.67,1.9,7.06,7.53,5.94,6.57,1.63,5.88,7.24,2.61,2.59,3.14,7.02,5.5,3.28,1.79,1.81,2.44,1.88,1.56,6.17,3.61,3.95,5.03,4.13,5.98,6.5,2.12,7.35,3.47,1.7,1.79,5.55,6.14,2.24,1.41,5.82,1.57,5.57,6.63,6.69,3.13,5.67,5.33,1.81,2.14,4.22,3.35,5.47,6.04,2.14,3.04,1.34,3.07,1.63,5.93,2.98,6.43,3.48,4.02,6.27,2.1,3.18,5.09,6.67,5.53,2.03,1.5,2.27,6.24,7.18,3.65,7.16,6.13,3.68,2.58,4.64,2.1,4.39,6.28,3.73,5.49,5.31,1.55,2.32,4.93,7.8,6.58,2.37,1.84,7.72,6.23,6.77,3.19,4.93,4.73,4.04,4.48,2.16,1.6,4.33,2.11,2.14,7.66,6.19,6.74,2.2,6.73,1.96,2.13,1.61,7.29,3.92,1.6,6.81,1.43,2.62,6.27,3.12,5.92,1.97,1.55,5.75,5.43,6.33,2.26,5.26,6.56,2.7,3.88,3.33,4.5,7.1,1.92,4.8,1.83,1.92,2.53,4.37,5.02,3.6,3.8,8.79,6.56,5.57
1989,7.46,3.05,4.96,7.29,2.06,3.02,2.57,1.85,1.45,3.14,2.65,4.74,1.97,1.57,4.58,6.81,5.83,4.95,1.8,4.69,2.92,3.61,1.84,7.04,7.53,5.78,6.51,1.65,5.85,7.28,2.58,2.49,3.07,7.08,5.42,3.23,1.73,1.78,2.43,1.85,1.62,6.14,3.54,3.86,4.86,4.04,5.99,6.45,2.04,7.3,3.43,1.71,1.77,5.49,6.12,2.22,1.38,5.71,1.51,5.5,6.62,6.66,3.09,5.55,5.23,1.82,2.15,4.13,3.23,5.15,5.97,2.06,3.02,1.32,3,1.6,5.7,2.92,6.24,3.21,3.96,6.22,2.03,3.09,5,6.59,5.26,2,1.53,2.24,6.21,7.05,3.6,7.16,6.09,3.57,2.51,4.36,2.09,4.22,6.25,3.59,5.36,5.24,1.55,2.33,4.76,7.79,6.54,2.32,1.89,7.46,6.14,6.75,3.12,4.86,4.64,3.93,4.4,2.12,1.56,4.16,2,2.02,7.43,6.05,6.64,2.15,6.73,1.75,2.09,1.54,7.34,3.79,1.58,6.79,1.38,2.54,6.21,3.06,5.78,2.02,1.55,5.53,5.34,6.27,2.18,5.27,6.44,2.57,3.68,3.21,4.44,7.1,1.87,4.64,1.82,2,2.53,4.29,4.97,3.52,3.68,8.71,6.5,5.37
1990,7.47,2.98,4.73,7.25,2.06,2.99,2.54,1.88,1.46,3.09,2.64,4.55,1.9,1.58,4.51,6.74,5.64,4.91,1.77,4.54,2.81,3.53,1.77,7.01,7.51,5.6,6.44,1.66,5.81,7.31,2.55,2.35,2.99,7.13,5.35,3.17,1.67,1.75,2.41,1.8,1.67,6.09,3.47,3.77,4.66,3.96,5.99,6.39,1.94,7.25,3.4,1.79,1.75,5.42,6.11,2.18,1.36,5.6,1.47,5.44,6.6,6.63,3.07,5.43,5.14,1.81,2.16,4.05,3.12,4.82,5.88,2,3,1.3,2.95,1.56,5.49,2.83,6.07,2.97,3.89,6.15,1.94,3,4.92,6.5,4.97,1.96,1.56,2.21,6.18,6.92,3.55,7.17,6.04,3.47,2.41,4.05,2.08,4.06,6.21,3.46,5.23,5.17,1.62,2.4,4.6,7.77,6.49,2.29,1.93,7.17,6.02,6.72,3.06,4.8,4.55,3.83,4.32,2.08,1.52,4.01,1.87,1.89,7.18,5.91,6.53,2.1,6.72,1.83,2.04,1.48,7.4,3.65,1.58,6.76,1.34,2.48,6.15,3.03,5.62,2.14,1.55,5.31,5.23,6.21,2.11,5.34,6.32,2.45,3.48,3.11,4.34,7.09,1.81,4.45,1.81,2.07,2.52,4.21,4.93,3.45,3.55,8.61,6.44,5.18
1991,7.48,2.91,4.48,7.19,2.07,2.95,2.48,1.86,1.51,3.02,2.63,4.37,1.82,1.59,4.44,6.68,5.43,4.87,1.75,4.41,2.72,3.44,1.69,6.98,7.47,5.42,6.35,1.67,5.77,7.35,2.5,2.19,2.93,7.17,5.29,3.11,1.62,1.72,2.38,1.74,1.68,6,3.4,3.68,4.46,3.89,5.99,6.32,1.83,7.19,3.37,1.8,1.74,5.35,6.09,2.13,1.34,5.5,1.44,5.38,6.57,6.58,3.06,5.32,5.05,1.78,2.17,3.96,3.02,4.48,5.79,1.95,2.97,1.29,2.9,1.53,5.29,2.73,5.9,2.79,3.8,6.05,1.83,2.92,4.84,6.41,4.67,1.91,1.6,2.17,6.15,6.8,3.51,7.16,5.99,3.37,2.31,3.75,2.06,3.9,6.17,3.34,5.1,5.1,1.61,2.36,4.43,7.76,6.44,2.26,1.92,6.83,5.9,6.67,3,4.76,4.46,3.72,4.25,2.03,1.5,3.89,1.74,1.73,6.94,5.76,6.43,2.05,6.71,1.73,1.97,1.42,7.45,3.53,1.6,6.73,1.31,2.43,6.09,3.01,5.46,2.11,1.54,5.11,5.1,6.15,2.06,5.47,6.2,2.34,3.28,3.02,4.22,7.08,1.74,4.25,1.8,2.06,2.51,4.11,4.89,3.37,3.42,8.46,6.38,5
1992,7.5,2.83,4.22,7.13,2.1,2.91,2.4,1.87,1.51,2.93,2.62,4.2,1.73,1.6,4.36,6.6,5.22,4.81,1.73,4.29,2.64,3.32,1.6,6.95,7.43,5.24,6.26,1.68,5.73,7.38,2.46,2.02,2.86,7.19,5.24,3.04,1.57,1.68,2.34,1.66,1.76,5.88,3.33,3.59,4.25,3.82,5.98,6.23,1.71,7.14,3.35,1.85,1.72,5.26,6.08,2.08,1.32,5.4,1.42,5.32,6.54,6.53,3.07,5.21,4.95,1.74,2.17,3.88,2.93,4.14,5.7,1.92,2.95,1.27,2.86,1.5,5.1,2.61,5.76,2.68,3.69,5.93,1.7,2.84,4.76,6.34,4.38,1.85,1.64,2.13,6.12,6.68,3.47,7.15,5.94,3.27,2.2,3.45,2.05,3.75,6.12,3.24,4.97,5.02,1.59,2.31,4.27,7.75,6.4,2.24,1.88,6.47,5.76,6.61,2.95,4.72,4.37,3.62,4.18,1.97,1.48,3.8,1.61,1.55,6.71,5.59,6.32,2,6.7,1.72,1.89,1.37,7.51,3.41,1.63,6.69,1.28,2.39,6.03,3.01,5.29,2.08,1.54,4.92,4.97,6.08,2,5.65,6.08,2.23,3.09,2.94,4.07,7.07,1.66,4.04,1.79,2.04,2.49,3.99,4.85,3.29,3.26,8.27,6.33,4.84
1993,7.54,2.75,3.96,7.06,2.13,2.87,2.3,1.85,1.5,2.82,2.6,4.03,1.64,1.6,4.29,6.53,5,4.74,1.72,4.18,2.58,3.2,1.51,6.92,7.39,5.05,6.17,1.67,5.69,7.4,2.41,1.87,2.79,7.2,5.2,2.97,1.54,1.66,2.28,1.58,1.75,5.73,3.26,3.51,4.05,3.74,5.98,6.14,1.6,7.09,3.33,1.81,1.72,5.18,6.07,2.01,1.31,5.32,1.4,5.25,6.49,6.46,3.07,5.1,4.85,1.69,2.17,3.8,2.84,3.81,5.61,1.9,2.94,1.26,2.83,1.47,4.92,2.48,5.63,2.64,3.57,5.77,1.58,2.77,4.69,6.27,4.11,1.78,1.67,2.09,6.08,6.58,3.42,7.12,5.88,3.18,2.09,3.18,2.03,3.6,6.07,3.16,4.84,4.93,1.57,2.22,4.11,7.74,6.35,2.2,1.86,6.1,5.62,6.52,2.91,4.7,4.28,3.51,4.11,1.9,1.47,3.71,1.51,1.37,6.51,5.41,6.21,1.95,6.67,1.74,1.81,1.33,7.57,3.29,1.64,6.64,1.25,2.35,5.96,3.01,5.12,1.98,1.53,4.76,4.84,6.01,1.96,5.87,5.97,2.13,2.91,2.87,3.9,7.06,1.58,3.83,1.78,2.02,2.47,3.85,4.81,3.22,3.09,8.05,6.28,4.69
1994,7.57,2.67,3.7,6.99,2.17,2.82,2.18,1.84,1.47,2.71,2.57,3.88,1.55,1.61,4.2,6.45,4.8,4.66,1.71,4.06,2.54,3.06,1.42,6.88,7.34,4.87,6.07,1.66,5.65,7.42,2.36,1.74,2.73,7.19,5.17,2.9,1.52,1.65,2.21,1.48,1.81,5.55,3.2,3.44,3.87,3.66,5.98,6.03,1.51,7.05,3.31,1.85,1.72,5.09,6.05,1.95,1.31,5.24,1.38,5.17,6.44,6.38,3.07,5,4.75,1.63,2.15,3.72,2.76,3.5,5.52,1.9,2.93,1.25,2.8,1.44,4.75,2.36,5.54,2.66,3.44,5.59,1.46,2.69,4.62,6.21,3.86,1.71,1.69,2.03,6.03,6.5,3.37,7.09,5.83,3.1,1.99,2.94,2,3.45,6.02,3.09,4.72,4.83,1.57,2.13,3.94,7.73,6.3,2.16,1.87,5.72,5.48,6.4,2.88,4.68,4.2,3.41,4.06,1.82,1.46,3.65,1.43,1.4,6.32,5.2,6.11,1.92,6.65,1.71,1.72,1.29,7.61,3.2,1.64,6.6,1.23,2.32,5.9,3.02,4.96,1.88,1.53,4.63,4.71,5.95,1.91,6.13,5.86,2.04,2.75,2.81,3.71,7.04,1.49,3.62,1.77,2,2.44,3.7,4.78,3.15,2.9,7.8,6.23,4.56
1995,7.61,2.59,3.45,6.92,2.21,2.76,1.8,1.82,1.42,2.58,2.51,3.73,1.47,1.61,4.11,6.36,4.6,4.58,1.71,3.95,2.5,2.93,1.34,6.84,7.29,4.69,5.98,1.64,5.62,7.43,2.31,1.64,2.66,7.18,5.14,2.82,1.52,1.64,2.12,1.39,1.81,5.35,3.13,3.36,3.71,3.58,5.97,5.91,1.43,7,3.28,1.81,1.72,5,6.04,1.88,1.31,5.17,1.37,5.09,6.39,6.29,3.07,4.89,4.64,1.56,2.13,3.65,2.69,3.22,5.42,1.9,2.92,1.24,2.77,1.41,4.61,2.24,5.46,2.72,3.3,5.39,1.36,2.62,4.55,6.16,3.64,1.64,1.71,1.98,5.98,6.42,3.31,7.06,5.77,3.02,1.9,2.74,1.98,3.3,5.96,3.04,4.59,4.72,1.53,2.11,3.78,7.73,6.26,2.12,1.87,5.35,5.34,6.25,2.85,4.67,4.11,3.32,4.01,1.73,1.46,3.59,1.37,1.34,6.17,4.98,6,1.89,6.61,1.67,1.63,1.27,7.65,3.11,1.62,6.55,1.21,2.29,5.83,3.01,4.8,1.73,1.52,4.51,4.59,5.88,1.87,6.38,5.76,1.96,2.61,2.76,3.51,7.02,1.41,3.42,1.76,1.98,2.4,3.53,4.73,3.08,2.71,7.53,6.19,4.43
1996,7.63,2.51,3.21,6.85,2.25,2.71,1.8,1.81,1.45,2.45,2.44,3.6,1.4,1.61,4.01,6.28,4.4,4.47,1.69,3.84,2.49,2.78,1.28,6.8,7.24,4.5,5.89,1.61,5.59,7.43,2.27,1.57,2.6,7.15,5.13,2.74,1.51,1.64,2.04,1.3,1.75,5.15,3.07,3.29,3.57,3.48,5.96,5.79,1.38,6.94,3.24,1.76,1.73,4.9,6.02,1.81,1.32,5.1,1.36,4.99,6.33,6.2,3.07,4.78,4.53,1.49,2.1,3.58,2.63,2.96,5.33,1.91,2.92,1.23,2.74,1.39,4.47,2.13,5.4,2.8,3.16,5.17,1.27,2.54,4.48,6.11,3.44,1.57,1.72,1.92,5.91,6.36,3.24,7.02,5.7,2.95,1.81,2.57,1.95,3.16,5.92,2.99,4.47,4.6,1.53,2.07,3.62,7.72,6.22,2.08,1.89,4.98,5.2,6.09,2.83,4.65,4.01,3.23,3.96,1.65,1.45,3.53,1.34,1.27,6.05,4.75,5.88,1.86,6.56,1.66,1.53,1.25,7.68,3.04,1.58,6.5,1.2,2.27,5.76,3,4.65,1.6,1.5,4.41,4.46,5.83,1.82,6.63,5.67,1.9,2.49,2.71,3.32,6.99,1.34,3.23,1.74,1.98,2.36,3.36,4.68,3.02,2.53,7.25,6.15,4.33
1997,7.64,2.42,2.99,6.79,2.28,2.66,1.7,1.79,1.39,2.33,2.36,3.47,1.34,1.61,3.91,6.2,4.2,4.37,1.66,3.72,2.46,2.63,1.23,6.75,7.18,4.33,5.8,1.58,5.56,7.42,2.23,1.53,2.54,7.11,5.12,2.65,1.51,1.63,1.95,1.22,1.75,4.96,3.01,3.23,3.46,3.38,5.94,5.67,1.34,6.86,3.21,1.75,1.75,4.81,6,1.75,1.33,5.04,1.35,4.9,6.27,6.11,3.06,4.67,4.41,1.43,2.07,3.51,2.58,2.73,5.22,1.92,2.92,1.23,2.7,1.37,4.35,2.05,5.35,2.86,3.02,4.94,1.22,2.47,4.39,6.06,3.27,1.5,1.72,1.86,5.84,6.31,3.15,6.98,5.64,2.88,1.72,2.43,1.93,3.04,5.88,2.97,4.35,4.47,1.56,2.05,3.47,7.71,6.19,2.04,1.86,4.63,5.05,5.91,2.81,4.63,3.91,3.14,3.92,1.56,1.45,3.47,1.32,1.22,5.94,4.53,5.77,1.84,6.51,1.61,1.45,1.24,7.69,2.97,1.53,6.44,1.2,2.25,5.68,2.97,4.52,1.53,1.49,4.32,4.33,5.78,1.78,6.83,5.59,1.84,2.38,2.66,3.15,6.97,1.27,3.06,1.73,1.97,2.33,3.19,4.61,2.97,2.36,6.99,6.12,4.24
1998,7.62,2.33,2.8,6.73,2.3,2.62,1.5,1.77,1.37,2.21,2.26,3.35,1.29,1.61,3.81,6.12,4,4.27,1.62,3.61,2.43,2.49,1.2,6.7,7.13,4.15,5.72,1.56,5.54,7.41,2.18,1.5,2.48,7.06,5.11,2.56,1.49,1.63,1.86,1.17,1.72,4.78,2.97,3.16,3.37,3.26,5.91,5.55,1.32,6.77,3.17,1.71,1.77,4.72,5.98,1.69,1.34,4.97,1.33,4.8,6.21,6.01,3.05,4.55,4.29,1.37,2.05,3.45,2.54,2.53,5.11,1.93,2.92,1.23,2.67,1.35,4.23,1.98,5.3,2.9,2.88,4.72,1.18,2.39,4.3,6.01,3.11,1.44,1.72,1.81,5.75,6.26,3.04,6.95,5.58,2.82,1.62,2.31,1.91,2.93,5.85,2.95,4.23,4.33,1.63,1.96,3.33,7.7,6.16,2.01,1.81,4.3,4.89,5.73,2.79,4.6,3.8,3.06,3.89,1.48,1.46,3.41,1.31,1.23,5.84,4.33,5.67,1.82,6.46,1.48,1.38,1.22,7.68,2.92,1.47,6.38,1.2,2.24,5.61,2.94,4.39,1.52,1.47,4.23,4.19,5.74,1.74,6.99,5.52,1.8,2.29,2.61,3.01,6.94,1.22,2.91,1.71,2,2.29,3.03,4.54,2.92,2.21,6.74,6.09,4.16
1999,7.57,2.25,2.64,6.68,2.32,2.59,1.4,1.76,1.34,2.11,2.17,3.23,1.26,1.62,3.7,6.04,3.8,4.16,1.56,3.49,2.37,2.36,1.18,6.65,7.07,3.97,5.65,1.54,5.52,7.38,2.14,1.49,2.43,7.02,5.11,2.46,1.47,1.63,1.78,1.13,1.74,4.62,2.93,3.09,3.29,3.14,5.88,5.43,1.31,6.66,3.13,1.73,1.79,4.63,5.97,1.64,1.35,4.9,1.33,4.7,6.15,5.91,3.04,4.43,4.17,1.33,2.02,3.38,2.52,2.36,5,1.94,2.92,1.24,2.62,1.34,4.13,1.94,5.24,2.89,2.76,4.51,1.17,2.31,4.2,5.95,2.98,1.38,1.71,1.77,5.65,6.2,2.91,6.92,5.51,2.77,1.53,2.22,1.89,2.85,5.83,2.93,4.12,4.18,1.65,2,3.2,7.69,6.13,2,1.85,3.99,4.73,5.55,2.77,4.57,3.68,2.99,3.85,1.41,1.46,3.33,1.31,1.16,5.74,4.14,5.57,1.79,6.39,1.47,1.31,1.21,7.66,2.87,1.41,6.3,1.21,2.24,5.54,2.9,4.28,1.51,1.45,4.14,4.05,5.71,1.71,7.08,5.46,1.77,2.21,2.56,2.9,6.9,1.17,2.77,1.69,2.01,2.27,2.87,4.46,2.87,2.1,6.51,6.07,4.1
2000,7.49,2.16,2.51,6.64,2.32,2.56,1.3,1.76,1.37,2.03,2.07,3.12,1.24,1.63,3.6,5.96,3.6,4.06,1.5,3.39,2.3,2.22,1.18,6.59,7.01,3.81,5.58,1.52,5.5,7.35,2.11,1.5,2.39,6.96,5.1,2.37,1.44,1.62,1.72,1.12,1.77,4.48,2.89,3.03,3.23,3.02,5.83,5.33,1.32,6.53,3.09,1.73,1.82,4.54,5.95,1.61,1.35,4.83,1.32,4.6,6.08,5.82,3.02,4.3,4.06,1.31,2.01,3.31,2.51,2.21,4.89,1.95,2.92,1.25,2.58,1.32,4.03,1.92,5.18,2.85,2.66,4.31,1.18,2.23,4.09,5.88,2.86,1.34,1.7,1.72,5.55,6.15,2.78,6.9,5.45,2.72,1.44,2.14,1.88,2.78,5.82,2.91,4.02,4.03,1.72,1.98,3.08,7.68,6.11,1.99,1.85,3.72,4.58,5.38,2.74,4.53,3.55,2.93,3.81,1.35,1.46,3.24,1.31,1.2,5.64,3.97,5.47,1.77,6.32,1.6,1.27,1.21,7.62,2.83,1.35,6.22,1.23,2.24,5.47,2.86,4.19,1.56,1.44,4.04,3.91,5.69,1.67,7.11,5.41,1.75,2.14,2.5,2.82,6.87,1.15,2.64,1.68,2.05,2.24,2.74,4.37,2.82,2.01,6.31,6.04,4.06
2001,7.39,2.07,2.44,6.6,2.31,2.54,1.2,1.76,1.33,1.96,1.99,3.01,1.24,1.65,3.5,5.89,3.42,3.96,1.43,3.29,2.23,2.12,1.19,6.53,6.95,3.65,5.52,1.52,5.48,7.32,2.07,1.51,2.35,6.91,5.09,2.29,1.42,1.61,1.66,1.14,1.75,4.36,2.86,2.97,3.18,2.9,5.79,5.23,1.34,6.38,3.05,1.73,1.84,4.46,5.93,1.59,1.35,4.75,1.33,4.49,6.02,5.73,2.99,4.18,3.94,1.29,2,3.24,2.51,2.09,4.8,1.96,2.92,1.27,2.53,1.31,3.95,1.94,5.11,2.77,2.58,4.14,1.21,2.13,3.97,5.8,2.75,1.31,1.68,1.68,5.45,6.1,2.66,6.88,5.39,2.67,1.35,2.1,1.87,2.72,5.81,2.89,3.93,3.88,1.71,1.96,2.98,7.67,6.08,1.99,1.78,3.48,4.44,5.23,2.72,4.48,3.43,2.87,3.77,1.31,1.46,3.12,1.31,1.22,5.54,3.83,5.39,1.74,6.24,1.41,1.24,1.21,7.57,2.79,1.29,6.14,1.25,2.25,5.4,2.82,4.11,1.58,1.43,3.94,3.78,5.68,1.64,7.09,5.36,1.74,2.09,2.45,2.77,6.82,1.14,2.53,1.67,2.03,2.22,2.64,4.27,2.78,1.95,6.13,6,4.02
2002,7.27,1.98,2.4,6.57,2.29,2.52,1.2,1.78,1.39,1.91,1.93,2.91,1.24,1.68,3.39,5.82,3.24,3.87,1.37,3.19,2.16,2.03,1.22,6.47,6.89,3.52,5.48,1.52,5.46,7.27,2.05,1.52,2.31,6.86,5.08,2.22,1.39,1.59,1.61,1.17,1.72,4.24,2.84,2.91,3.13,2.79,5.73,5.15,1.38,6.22,3,1.72,1.87,4.39,5.91,1.59,1.35,4.68,1.34,4.37,5.95,5.64,2.96,4.07,3.82,1.29,2.01,3.18,2.51,2,4.71,1.96,2.91,1.29,2.48,1.3,3.88,1.99,5.04,2.69,2.54,3.98,1.25,2.04,3.86,5.72,2.67,1.29,1.67,1.64,5.34,6.05,2.54,6.86,5.34,2.62,1.29,2.08,1.86,2.68,5.8,2.87,3.84,3.72,1.73,1.95,2.89,7.66,6.06,1.99,1.75,3.29,4.31,5.09,2.7,4.42,3.32,2.82,3.71,1.28,1.45,3,1.32,1.29,5.45,3.71,5.31,1.72,6.16,1.37,1.23,1.22,7.51,2.76,1.25,6.05,1.28,2.26,5.33,2.78,4.04,1.67,1.42,3.84,3.68,5.67,1.62,7.04,5.32,1.74,2.05,2.4,2.73,6.77,1.15,2.43,1.67,2.02,2.21,2.56,4.16,2.74,1.92,5.95,5.96,4
2003,7.14,1.9,2.41,6.54,2.27,2.5,1.4,1.79,1.38,1.87,1.89,2.8,1.26,1.7,3.28,5.75,3.09,3.77,1.33,3.11,2.1,1.95,1.26,6.4,6.82,3.41,5.43,1.53,5.44,7.21,2.02,1.54,2.27,6.81,5.07,2.16,1.38,1.58,1.58,1.21,1.76,4.12,2.81,2.87,3.09,2.69,5.68,5.07,1.43,6.04,2.95,1.76,1.89,4.33,5.88,1.6,1.35,4.61,1.36,4.25,5.88,5.56,2.92,3.96,3.69,1.29,2.02,3.11,2.51,1.93,4.64,1.97,2.91,1.31,2.44,1.3,3.83,2.07,4.98,2.62,2.52,3.85,1.3,1.94,3.74,5.64,2.6,1.29,1.66,1.61,5.24,6,2.44,6.84,5.28,2.58,1.25,2.08,1.85,2.64,5.78,2.83,3.77,3.58,1.75,1.98,2.81,7.64,6.04,2,1.8,3.14,4.21,4.97,2.68,4.37,3.21,2.77,3.65,1.28,1.44,2.86,1.33,1.33,5.35,3.6,5.25,1.69,6.07,1.27,1.22,1.24,7.45,2.73,1.21,5.97,1.3,2.27,5.27,2.75,3.98,1.73,1.42,3.74,3.59,5.66,1.6,6.97,5.28,1.75,2.02,2.35,2.7,6.72,1.17,2.33,1.69,2.05,2.19,2.51,4.06,2.7,1.9,5.78,5.92,3.99
2004,6.99,1.82,2.44,6.5,2.25,2.47,1.4,1.82,1.42,1.84,1.86,2.7,1.29,1.73,3.18,5.69,2.95,3.68,1.3,3.04,2.03,1.89,1.3,6.34,6.76,3.31,5.39,1.55,5.41,7.15,2,1.55,2.24,6.76,5.05,2.11,1.37,1.58,1.55,1.25,1.78,3.99,2.78,2.83,3.05,2.6,5.62,5.01,1.48,5.87,2.91,1.8,1.92,4.27,5.86,1.63,1.35,4.55,1.38,4.11,5.8,5.47,2.88,3.85,3.57,1.3,2.04,3.04,2.52,1.87,4.59,1.98,2.91,1.34,2.4,1.3,3.78,2.16,4.91,2.55,2.54,3.72,1.35,1.84,3.64,5.55,2.54,1.3,1.65,1.57,5.14,5.96,2.36,6.82,5.23,2.54,1.22,2.11,1.85,2.61,5.76,2.78,3.71,3.43,1.73,2.02,2.74,7.63,6.01,2,1.83,3.03,4.13,4.87,2.66,4.32,3.12,2.73,3.58,1.28,1.43,2.71,1.36,1.34,5.24,3.51,5.2,1.66,5.97,1.26,1.23,1.27,7.38,2.7,1.18,5.89,1.33,2.28,5.2,2.71,3.93,1.77,1.42,3.65,3.53,5.65,1.58,6.88,5.23,1.76,2,2.31,2.67,6.65,1.2,2.24,1.72,2.06,2.17,2.48,3.95,2.66,1.89,5.6,5.86,3.98
2005,6.83,1.75,2.5,6.47,2.22,2.45,1.4,1.86,1.41,1.82,1.86,2.61,1.32,1.76,3.07,5.63,2.84,3.6,1.29,2.99,1.98,1.85,1.34,6.27,6.69,3.23,5.35,1.57,5.38,7.07,1.98,1.57,2.2,6.71,5.04,2.07,1.38,1.57,1.52,1.3,1.8,3.87,2.75,2.79,3.02,2.53,5.56,4.94,1.54,5.69,2.86,1.8,1.94,4.23,5.84,1.66,1.35,4.49,1.4,3.97,5.73,5.39,2.84,3.76,3.45,1.3,2.07,2.97,2.51,1.83,4.56,1.98,2.91,1.36,2.36,1.31,3.75,2.26,4.84,2.5,2.58,3.62,1.4,1.75,3.55,5.46,2.49,1.32,1.64,1.53,5.05,5.9,2.29,6.79,5.18,2.5,1.22,2.17,1.84,2.59,5.74,2.72,3.67,3.29,1.71,2.05,2.68,7.61,5.99,2,1.84,2.95,4.07,4.78,2.65,4.26,3.04,2.68,3.5,1.3,1.42,2.57,1.38,1.29,5.14,3.42,5.16,1.64,5.86,1.26,1.25,1.31,7.31,2.68,1.17,5.8,1.35,2.28,5.14,2.67,3.87,1.79,1.43,3.56,3.5,5.64,1.57,6.79,5.18,1.77,1.99,2.27,2.65,6.58,1.25,2.15,1.76,2.06,2.16,2.46,3.85,2.63,1.89,5.43,5.79,3.99
2006,6.65,1.7,2.58,6.42,2.2,2.43,1.3,1.89,1.41,1.82,1.87,2.52,1.36,1.78,2.98,5.58,2.73,3.51,1.29,2.95,1.93,1.82,1.38,6.19,6.62,3.16,5.31,1.6,5.35,6.99,1.96,1.57,2.16,6.66,5.03,2.03,1.4,1.57,1.5,1.35,1.85,3.74,2.72,2.76,3,2.47,5.5,4.88,1.58,5.52,2.82,1.84,1.96,4.19,5.81,1.71,1.36,4.44,1.42,3.83,5.65,5.31,2.8,3.67,3.33,1.31,2.09,2.9,2.51,1.81,4.55,1.99,2.92,1.38,2.33,1.32,3.73,2.37,4.76,2.45,2.65,3.52,1.43,1.68,3.47,5.37,2.46,1.35,1.63,1.5,4.96,5.83,2.25,6.76,5.14,2.46,1.23,2.24,1.83,2.57,5.71,2.66,3.64,3.15,1.72,2.09,2.62,7.59,5.96,2,1.9,2.91,4.02,4.7,2.64,4.21,2.97,2.65,3.43,1.32,1.4,2.43,1.4,1.3,5.02,3.33,5.13,1.61,5.75,1.28,1.27,1.36,7.23,2.66,1.16,5.72,1.37,2.28,5.09,2.64,3.82,1.87,1.44,3.47,3.49,5.62,1.56,6.69,5.12,1.78,2,2.24,2.65,6.51,1.3,2.07,1.8,2.11,2.14,2.46,3.76,2.6,1.9,5.25,5.72,3.99
2007,6.46,1.67,2.66,6.37,2.18,2.41,1.4,1.92,1.38,1.84,1.87,2.44,1.4,1.8,2.89,5.52,2.64,3.43,1.29,2.92,1.88,1.81,1.42,6.12,6.53,3.09,5.27,1.62,5.32,6.9,1.95,1.58,2.12,6.61,5.01,2.01,1.41,1.58,1.48,1.39,1.85,3.62,2.69,2.74,3.02,2.41,5.43,4.82,1.62,5.36,2.77,1.83,1.97,4.16,5.79,1.77,1.36,4.39,1.44,3.7,5.58,5.24,2.76,3.58,3.2,1.32,2.1,2.82,2.51,1.79,4.55,1.99,2.93,1.4,2.29,1.33,3.71,2.47,4.68,2.4,2.73,3.42,1.46,1.63,3.41,5.28,2.44,1.39,1.62,1.48,4.87,5.73,2.22,6.72,5.1,2.42,1.24,2.33,1.82,2.56,5.67,2.59,3.62,3.01,1.72,2.11,2.57,7.57,5.93,2,1.9,2.89,3.98,4.62,2.64,4.16,2.91,2.62,3.35,1.34,1.38,2.31,1.43,1.41,4.9,3.24,5.11,1.6,5.62,1.29,1.29,1.4,7.14,2.64,1.16,5.64,1.38,2.27,5.03,2.61,3.76,1.89,1.46,3.39,3.49,5.58,1.56,6.59,5.06,1.79,2.02,2.21,2.67,6.42,1.34,2.01,1.84,2.12,2.13,2.46,3.68,2.56,1.91,5.09,5.64,4
2008,6.25,1.65,2.75,6.31,2.16,2.4,1.4,1.94,1.41,1.87,1.88,2.38,1.45,1.81,2.82,5.47,2.55,3.35,1.3,2.9,1.85,1.81,1.45,6.04,6.45,3.02,5.22,1.63,5.29,6.8,1.93,1.58,2.08,6.57,5,1.98,1.43,1.6,1.46,1.42,1.89,3.5,2.66,2.71,3.06,2.36,5.36,4.75,1.64,5.2,2.74,1.85,1.98,4.14,5.76,1.82,1.37,4.35,1.44,3.58,5.5,5.17,2.72,3.49,3.09,1.32,2.1,2.75,2.5,1.78,4.55,2,2.95,1.41,2.25,1.34,3.69,2.55,4.58,2.34,2.82,3.33,1.49,1.6,3.37,5.19,2.43,1.43,1.61,1.47,4.78,5.61,2.19,6.67,5.06,2.39,1.26,2.43,1.81,2.56,5.64,2.53,3.61,2.87,1.77,2.12,2.52,7.54,5.9,1.99,1.96,2.89,3.94,4.55,2.63,4.1,2.85,2.59,3.28,1.36,1.36,2.21,1.45,1.49,4.77,3.15,5.1,1.58,5.49,1.28,1.32,1.44,7.06,2.62,1.17,5.55,1.38,2.26,4.98,2.58,3.69,1.92,1.47,3.33,3.49,5.54,1.55,6.48,5,1.8,2.06,2.19,2.71,6.34,1.38,1.95,1.86,2.07,2.11,2.46,3.61,2.53,1.92,4.94,5.56,4.01
2009,6.04,1.65,2.83,6.24,2.15,2.38,1.6,1.94,1.39,1.91,1.88,2.32,1.5,1.81,2.76,5.42,2.46,3.27,1.3,2.89,1.82,1.82,1.47,5.95,6.35,2.95,5.17,1.64,5.25,6.7,1.9,1.59,2.04,6.52,4.97,1.95,1.45,1.62,1.44,1.45,1.84,3.4,2.63,2.68,3.11,2.31,5.29,4.68,1.65,5.06,2.7,1.86,1.99,4.11,5.74,1.87,1.38,4.31,1.43,3.47,5.42,5.11,2.68,3.41,2.98,1.33,2.09,2.67,2.49,1.77,4.56,2,2.97,1.42,2.21,1.36,3.68,2.62,4.48,2.28,2.91,3.24,1.5,1.6,3.33,5.11,2.42,1.47,1.59,1.46,4.69,5.47,2.17,6.61,5.02,2.36,1.27,2.54,1.79,2.57,5.6,2.47,3.61,2.74,1.79,2.13,2.48,7.52,5.87,1.99,1.98,2.9,3.9,4.49,2.63,4.04,2.79,2.57,3.21,1.37,1.34,2.13,1.46,1.54,4.64,3.06,5.08,1.58,5.35,1.26,1.34,1.48,6.96,2.6,1.18,5.47,1.38,2.23,4.93,2.55,3.61,1.94,1.49,3.26,3.5,5.49,1.55,6.36,4.94,1.8,2.1,2.17,2.77,6.25,1.42,1.9,1.88,2,2.09,2.46,3.55,2.5,1.94,4.8,5.48,4.02
2010,5.82,1.65,2.89,6.16,2.13,2.37,1.55,1.93,1.44,1.96,1.87,2.28,1.54,1.81,2.72,5.36,2.38,3.2,1.31,2.88,1.81,1.84,1.49,5.87,6.26,2.88,5.11,1.64,5.22,6.59,1.88,1.59,2.01,6.47,4.95,1.92,1.47,1.64,1.42,1.47,1.88,3.3,2.6,2.66,3.19,2.27,5.21,4.61,1.64,4.92,2.67,1.87,1.99,4.08,5.71,1.92,1.39,4.27,1.41,3.38,5.34,5.05,2.66,3.33,2.87,1.33,2.07,2.6,2.48,1.77,4.56,2,3,1.43,2.17,1.37,3.66,2.67,4.37,2.22,2.98,3.15,1.51,1.61,3.3,5.02,2.41,1.51,1.58,1.47,4.6,5.31,2.15,6.55,4.98,2.34,1.27,2.64,1.77,2.58,5.56,2.41,3.61,2.61,1.8,2.12,2.43,7.49,5.84,1.98,1.95,2.9,3.86,4.42,2.62,3.99,2.73,2.55,3.16,1.37,1.33,2.07,1.47,1.57,4.52,2.96,5.06,1.58,5.2,1.26,1.36,1.52,6.87,2.59,1.19,5.38,1.37,2.2,4.88,2.52,3.53,1.99,1.5,3.21,3.51,5.43,1.55,6.23,4.87,1.81,2.14,2.16,2.83,6.15,1.45,1.87,1.89,1.93,2.08,2.44,3.5,2.47,1.95,4.67,5.4,4.03
2011,5.6,1.67,2.93,6.08,2.12,2.36,1.5,1.92,1.44,2.01,1.85,2.24,1.58,1.8,2.68,5.31,2.31,3.13,1.31,2.88,1.79,1.86,1.5,5.78,6.16,2.81,5.05,1.63,5.17,6.48,1.86,1.59,1.98,6.42,4.92,1.89,1.48,1.66,1.41,1.48,1.76,3.21,2.57,2.63,3.25,2.22,5.13,4.53,1.63,4.8,2.64,1.83,1.99,4.05,5.68,1.95,1.41,4.23,1.39,3.29,5.26,4.99,2.63,3.25,2.78,1.33,2.04,2.53,2.47,1.76,4.56,2,3.01,1.43,2.14,1.39,3.64,2.7,4.27,2.15,3.04,3.06,1.51,1.64,3.28,4.94,2.4,1.54,1.57,1.47,4.52,5.15,2.13,6.47,4.94,2.32,1.27,2.72,1.75,2.58,5.52,2.36,3.6,2.49,1.76,2.1,2.38,7.46,5.8,1.97,1.88,2.9,3.8,4.35,2.61,3.93,2.68,2.53,3.11,1.36,1.31,2.03,1.48,1.59,4.39,2.87,5.04,1.58,5.06,1.26,1.37,1.54,6.77,2.57,1.21,5.29,1.35,2.17,4.83,2.5,3.44,1.9,1.51,3.16,3.5,5.36,1.54,6.11,4.8,1.8,2.18,2.14,2.89,6.06,1.47,1.84,1.89,1.9,2.06,2.42,3.46,2.44,1.95,4.55,5.32,4.02
2012,5.38,1.69,2.94,6,2.1,2.35,1.73,1.9,1.46,2.05,1.83,2.21,1.62,1.8,2.64,5.25,2.24,3.07,1.31,2.86,1.78,1.87,1.51,5.69,6.06,2.74,4.98,1.62,5.12,6.37,1.83,1.6,1.95,6.36,4.88,1.87,1.49,1.69,1.39,1.49,1.73,3.13,2.54,2.6,3.31,2.19,5.04,4.44,1.62,4.68,2.62,1.8,1.99,4.01,5.64,1.98,1.42,4.19,1.37,3.22,5.18,4.92,2.61,3.17,2.69,1.33,2.01,2.48,2.46,1.74,4.54,2,3.03,1.43,2.1,1.4,3.6,2.7,4.17,2.09,3.08,2.97,1.51,1.67,3.25,4.87,2.39,1.57,1.56,1.49,4.44,4.99,2.11,6.4,4.9,2.3,1.27,2.77,1.73,2.58,5.47,2.32,3.59,2.38,1.76,2.07,2.34,7.42,5.76,1.96,1.85,2.88,3.74,4.28,2.6,3.87,2.63,2.5,3.07,1.34,1.29,2,1.49,1.62,4.27,2.78,5,1.58,4.92,1.26,1.38,1.57,6.67,2.55,1.22,5.2,1.35,2.14,4.77,2.47,3.36,1.91,1.52,3.11,3.49,5.29,1.53,5.98,4.73,1.8,2.21,2.12,2.94,5.96,1.49,1.82,1.89,1.9,2.05,2.4,3.42,2.42,1.96,4.44,5.24,4
2013,5.17,1.7,2.92,5.92,2.09,2.34,1.71,1.89,1.47,2.08,1.81,2.18,1.65,1.79,2.61,5.18,2.18,3.02,1.32,2.84,1.77,1.88,1.52,5.61,5.96,2.68,4.92,1.61,5.07,6.26,1.82,1.6,1.92,6.3,4.83,1.84,1.49,1.7,1.37,1.5,1.88,3.06,2.51,2.57,3.34,2.16,4.95,4.36,1.61,4.56,2.59,1.85,1.98,3.96,5.6,2,1.43,4.15,1.35,3.15,5.09,4.86,2.58,3.1,2.62,1.34,1.99,2.43,2.44,1.73,4.52,2,3.03,1.44,2.07,1.42,3.56,2.7,4.07,2.05,3.09,2.9,1.51,1.7,3.22,4.79,2.37,1.6,1.55,1.5,4.37,4.86,2.09,6.32,4.85,2.27,1.26,2.81,1.71,2.57,5.42,2.29,3.56,2.29,1.77,2.05,2.3,7.38,5.71,1.95,1.91,2.85,3.68,4.21,2.59,3.81,2.58,2.48,3.03,1.33,1.28,1.97,1.49,1.66,4.16,2.7,4.96,1.59,4.79,1.25,1.4,1.58,6.56,2.53,1.24,5.11,1.34,2.11,4.72,2.45,3.28,1.92,1.53,3.07,3.47,5.22,1.52,5.86,4.66,1.79,2.23,2.11,2.96,5.87,1.5,1.8,1.88,1.96,2.03,2.37,3.38,2.39,1.96,4.33,5.17,3.96
2014,4.98,1.71,2.89,5.84,2.08,2.32,1.69,1.87,1.48,2.09,1.79,2.16,1.67,1.79,2.58,5.12,2.13,2.97,1.33,2.81,1.75,1.89,1.53,5.52,5.87,2.63,4.85,1.6,5.01,6.16,1.8,1.61,1.9,6.24,4.78,1.82,1.49,1.71,1.36,1.51,1.83,2.98,2.48,2.54,3.34,2.13,4.86,4.29,1.61,4.44,2.57,1.83,1.98,3.91,5.54,2,1.44,4.1,1.33,3.09,5.01,4.78,2.56,3.03,2.56,1.35,1.96,2.38,2.41,1.71,4.48,1.99,3.02,1.45,2.05,1.43,3.51,2.68,3.99,2.01,3.08,2.82,1.52,1.71,3.19,4.72,2.35,1.62,1.56,1.51,4.3,4.74,2.07,6.23,4.79,2.24,1.26,2.81,1.69,2.56,5.37,2.26,3.52,2.22,1.76,2.03,2.26,7.34,5.65,1.93,1.87,2.8,3.62,4.14,2.57,3.76,2.54,2.46,2.99,1.32,1.26,1.95,1.5,1.7,4.06,2.64,4.9,1.6,4.67,1.25,1.41,1.6,6.46,2.51,1.26,5.02,1.34,2.08,4.66,2.42,3.2,1.92,1.54,3.02,3.44,5.15,1.51,5.74,4.59,1.78,2.23,2.09,2.96,5.78,1.51,1.78,1.88,1.95,2.02,2.34,3.35,2.37,1.96,4.22,5.1,3.9
2015,4.8,1.71,2.84,5.77,2.06,2.31,1.66,1.86,1.49,2.09,1.78,2.13,1.69,1.79,2.54,5.05,2.09,2.92,1.35,2.77,1.74,1.88,1.55,5.44,5.78,2.59,4.78,1.59,4.94,6.05,1.79,1.62,1.87,6.17,4.72,1.8,1.47,1.72,1.35,1.52,1.79,2.91,2.45,2.51,3.31,2.1,4.78,4.21,1.62,4.32,2.54,1.8,1.98,3.85,5.49,2,1.45,4.04,1.31,3.03,4.93,4.71,2.53,2.97,2.51,1.36,1.95,2.35,2.39,1.69,4.43,1.99,3,1.46,2.03,1.44,3.45,2.66,3.92,1.99,3.05,2.76,1.53,1.72,3.14,4.65,2.31,1.64,1.56,1.52,4.24,4.65,2.06,6.15,4.74,2.22,1.25,2.79,1.68,2.53,5.31,2.23,3.47,2.16,1.75,2.01,2.23,7.29,5.59,1.92,1.84,2.74,3.55,4.08,2.54,3.71,2.51,2.43,2.96,1.31,1.25,1.93,1.51,1.74,3.97,2.58,4.84,1.6,4.56,1.24,1.43,1.61,6.37,2.49,1.28,4.94,1.35,2.06,4.6,2.4,3.14,1.91,1.54,2.97,3.4,5.08,1.5,5.62,4.52,1.77,2.22,2.07,2.93,5.68,1.53,1.77,1.88,1.93,2.01,2.31,3.31,2.34,1.96,4.1,5.04,3.84
2016,4.64,1.71,2.78,5.69,2.05,2.29,1.63,1.85,1.49,2.08,1.77,2.1,1.7,1.79,2.51,4.98,2.05,2.88,1.36,2.73,1.73,1.87,1.56,5.35,5.7,2.56,4.71,1.58,4.87,5.95,1.77,1.62,1.85,6.09,4.66,1.78,1.46,1.72,1.34,1.54,1.74,2.85,2.42,2.49,3.27,2.08,4.69,4.13,1.63,4.2,2.52,1.77,1.98,3.79,5.43,2,1.46,3.98,1.31,2.97,4.86,4.63,2.51,2.92,2.46,1.37,1.93,2.33,2.36,1.66,4.37,1.99,2.97,1.47,2.01,1.46,3.38,2.63,3.85,1.97,3.01,2.7,1.54,1.72,3.09,4.58,2.27,1.65,1.57,1.53,4.18,4.57,2.04,6.06,4.67,2.18,1.24,2.76,1.67,2.49,5.24,2.21,3.42,2.12,1.74,1.99,2.2,7.24,5.53,1.91,1.82,2.67,3.48,4.01,2.51,3.66,2.48,2.4,2.93,1.3,1.25,1.91,1.52,1.75,3.89,2.53,4.77,1.61,4.46,1.25,1.44,1.63,6.27,2.46,1.3,4.86,1.36,2.05,4.53,2.37,3.08,1.91,1.55,2.92,3.36,5.02,1.48,5.5,4.45,1.75,2.2,2.05,2.89,5.59,1.54,1.75,1.87,1.92,2,2.29,3.28,2.32,1.95,4,4.98,3.76
2017,4.48,1.71,2.71,5.62,2.04,2.28,1.6,1.84,1.5,2.06,1.76,2.08,1.71,1.79,2.48,4.91,2.02,2.84,1.38,2.68,1.71,1.86,1.58,5.27,5.62,2.53,4.64,1.57,4.8,5.85,1.77,1.63,1.83,6.02,4.6,1.77,1.45,1.72,1.34,1.56,1.75,2.79,2.39,2.46,3.21,2.06,4.6,4.06,1.65,4.08,2.49,1.78,1.98,3.72,5.36,1.99,1.47,3.93,1.3,2.92,4.78,4.56,2.49,2.87,2.42,1.39,1.92,2.3,2.34,1.64,4.31,1.98,2.95,1.48,1.99,1.47,3.31,2.6,3.79,1.96,2.96,2.64,1.56,1.71,3.04,4.51,2.24,1.66,1.58,1.54,4.13,4.51,2.02,5.97,4.61,2.15,1.23,2.71,1.66,2.45,5.18,2.19,3.35,2.08,1.75,1.98,2.17,7.18,5.46,1.9,1.82,2.59,3.41,3.94,2.49,3.61,2.45,2.37,2.89,1.29,1.24,1.89,1.53,1.76,3.81,2.49,4.7,1.62,4.36,1.25,1.46,1.64,6.17,2.43,1.31,4.77,1.38,2.03,4.47,2.35,3.03,1.91,1.55,2.87,3.31,4.95,1.47,5.39,4.38,1.74,2.18,2.03,2.84,5.5,1.55,1.73,1.87,1.91,1.98,2.26,3.24,2.29,1.95,3.89,4.93,3.68
2018,4.33,1.71,2.64,5.55,2.03,2.26,1.6,1.83,1.52,2.04,1.75,2.05,1.72,1.8,2.44,4.84,1.99,2.8,1.39,2.64,1.7,1.85,1.59,5.19,5.53,2.5,4.57,1.56,4.72,5.75,1.76,1.64,1.82,5.92,4.54,1.75,1.45,1.72,1.34,1.57,1.76,2.73,2.36,2.43,3.15,2.04,4.51,3.99,1.66,3.97,2.47,1.78,1.97,3.66,5.29,1.98,1.48,3.87,1.3,2.87,4.7,4.48,2.46,2.82,2.39,1.4,1.91,2.28,2.31,1.61,4.25,1.98,2.92,1.5,1.98,1.48,3.24,2.57,3.74,1.95,2.91,2.59,1.57,1.71,3,4.45,2.2,1.67,1.59,1.55,4.08,4.44,2,5.88,4.55,2.12,1.23,2.67,1.65,2.42,5.12,2.17,3.3,2.05,1.75,1.97,2.14,7.13,5.39,1.89,1.83,2.52,3.35,3.88,2.46,3.56,2.43,2.34,2.86,1.29,1.24,1.87,1.54,1.76,3.74,2.45,4.62,1.62,4.26,1.26,1.47,1.65,6.08,2.4,1.33,4.7,1.39,2.02,4.41,2.32,2.98,1.91,1.55,2.82,3.27,4.89,1.45,5.28,4.32,1.73,2.15,2.02,2.79,5.41,1.56,1.72,1.87,1.9,1.97,2.23,3.2,2.27,1.95,3.79,4.87,3.61
